tier,claim,evidence,placement
PRIMARY,Reward value is history-relative,RewardReference same-current 9/9 + FullHistoryRW,Fig2
PRIMARY,D6 quinine produces a robust VTA population dissociation,lick-adjusted sustained/whole/AUC interaction robust; D5/D8 controls; behavior balancing survives,Fig3
PRIMARY,D6 has replicated population geometry,raw geometry q=0.0225 in both animals,Fig4
PRIMARY,D6 divergence is sustained/late,maxT 15-20 p=0.0308; 20-25 p=0.00342,Fig3/5
STRUCTURAL,Temporal scaffold is shared across paired days,trial-bootstrap CKA similar on D5/D6/D8,Fig5
STRUCTURAL,Cellular implementation is individualized,within-animal cell signature exceeds cross-animal transfer,Fig5
STRUCTURAL,A shared outcome-to-late cellular architecture extends across all five current VTA mice,"7/7 available neural sessions show positive outcome?late cell-effect coupling (Pearson r=0.404?0.900); outcome?late is the strongest temporal pair in 7/7; PC1 co-loads outcome/late and explains 54.4?73.7% of cell-effect variance; 4-session disjoint-trial-half aggregate r=0.434, cell-identity-shuffle p=1e-5",Fig5/Supp
LONGITUDINAL,#54 has broad longitudinal phenotype stability,3/5 whole-vector null families p<0.05; blocked-shuffle delta=0.375 p=5e-5; strict audit p=1.75e-4,Fig6
LONGITUDINAL,#181 stability is component-specific and null-dependent,blocked-shuffle p=0.030; strict audit p=0.505; sign component tracked-quality p=5e-5,Fig6
LONGITUDINAL,Entering paired comparison preserves functional structure,single->paired delta=0.552 p=5e-5 in #54; delta=0.546 p=0.00345 in #181,Fig6
LONGITUDINAL,Stable identity does not fix later context sign,same-track paired-context r=0.067 p=0.417; sign agreement p=0.667,Fig6
CONSTRAINT,Residual multivariate geometry is not uniquely D6,D6 and D8 residual geometry can survive; strict residual crossnobis weak,Supp/Discussion
CONSTRAINT,Classical causal line attractor is not established,rank/causal criteria incomplete,Discussion
METHOD SUPPORT,The main 2P biological dataset is method-ready under a cell-scale motion criterion,17/17 main sessions pass V27; global rigid residual is subpixel and local p95 is <=18.7% of median ROI diameter,Methods/Supp
METHOD SUPPORT,D6 biology is not an extraction artifact,"Both D6 animals pass independent extraction stress; ANM54 D2/D5/D6/D7/D8/D9 also pass, extending the stress set to weak/moderate sessions",Fig3/Supp
METHOD SUPPORT,Tracked cross-day cell identity has independent morphology support,41 frozen edges: joint morphology P=0.017; high-confidence-only P=0.040; target-rank Wilcoxon P=0.012,Fig6/Supp
METHOD SUPPORT,Every canonical animal/day acquisition is explicitly accounted for,"21/21 analysis units have a final status: 17 primary-ready, 3 support QC-ready, 1 support residual-motion review",Methods/Supp
PRIMARY BEHAVIOR,Learned cue-outcome discrimination is replicated across the current VTA cohort,5/5 animals positive in latest high-trial sessions; median loglick effect=1.328; exact one-sided sign/Wilcoxon p=0.03125; direction also 5/5 positive in imaging-stage-matched sessions,Fig1/Supp
SCOPE,"Complete D3-D9 longitudinal reward-contrast inference is specific to ANM54/181, while 112/113/185 are fully analyzed single-day conditioning datasets",ANM54/181 uniquely provide the complete D3-D9 longitudinal reward-contrast design; ANM112/113/185 are fully analyzed single-day conditioning datasets and are not D6 longitudinal replicates because the designs differ.,Methods/Scope
CROSS-DATASET,A dominant functional-state axis is present in all 9 named 2021 animal-context datasets,3 animals x 3 contexts; PC1 EVR 0.422-0.834; Gain-PC1 r=0.815-0.999; weakest bootstrap lower bounds 0.390 and 0.597,Supplement
CROSS-DATASET,Named 2021 cellular context stability is selective rather than fixed,492241 social-control Gain r=0.546 p=0.00072; 496190 hunger-social Gain r=0.540 p=0.00022; 496191 no significant Gain pair,Supplement
CROSS-DATASET,Legacy multi-state geometry is reproducible across two identified animals,ANM378231 vs ANM372321 state-RDM r=0.803 and r=0.671; 11-state label-permutation p?1e-5 and 3.1e-4,Supplement
WITHIN-ANIMAL,ANM372321 state geometry is stable across two source/ROI lineages,94-cell vs129-cell ANM372321 lineages: state-RDM r=0.802; 11-state label-permutation p=1.8e-4,Supplement
PROVENANCE,The 319-cell legacy matrix contains three lineages from two real animals,ANMID1 exact source match to ANM378231; ANMID2 and ANMID3 exact source signatures from two ANM372321 lineages,Methods/Supp
PROVENANCE,Named ANM492241 is a 38-cell trial-resolved lineage in the uniform 3-context analysis,The earlier 96-cell attribution is superseded; that 96-cell selection exactly matches legacy ANM378231,Methods/Supp
SCOPE,Animal n is claim-specific,VTA behavior n=5; VTA longitudinal neural n=2; named 2021 geometry n=3; legacy 2017 geometry n=2,Methods/Scope
QC SCOPE,Raw-imaging QC is fully re-audited only for the current VTA primary cohort,"ANM54/181: V27 session-level residual motion, independent ROI peak/blob support, extraction stress and cross-day identity QC",Methods/Scope
QC SUPPORT,"ANM112, ANM113 conditioning and ANM185 pass full image/ROI/extraction QC independent of trial count","112/185 rigid P95=0 px, local P95=0.224/0.424 px; 113-test local P95=0.411 px; 473 strict ROIs; independent blob/peak support; alpha-sweep contrast r>=0.940/0.995/0.950",Methods/Supp
QC HISTORICAL,Named 2021 same-cell selection is verified at original MATLAB authority,"ANM492241/496190/496191 use an identical vtSel vector across hunger/social/control; 9/9 response matrices exact frame count, 100% finite, zero flat cells",Methods/Supp
QC HISTORICAL,Legacy 2017 lineage provenance and processed matrices are clean but raw residual motion is not re-auditable,"ANM378231/372321 exact NID source mapping; ROC/N01 matrices 100% finite, zero flat/duplicate cells; original motion/registration pipeline preserved but original daily raw sessions unavailable",Methods/Supp
METHOD/QC,ANM112 and ANM185 are high-quality single-day imaging datasets; short acquisition count is not an imaging-quality exclusion,112 local P95/P99=0.224/0.324 px; 185=0.424/0.651 px; strict ROIs independently image-supported; extraction alpha-sweep minimum trial-cell r~0.94,Methods/Supp
METHOD/QC,ANM113 conditioning is a high-quality imaging dataset distinct from the motion-limited perfusion acquisition,conditioning local P95/P99=0.411/0.510 px; 124 strict ROIs; independent blob percentile=0.931; extraction alpha-sweep min r=0.993,Methods/Supp
CROSS-ANIMAL,ANM112 and ANM113 conditioning share a highly similar event-contrast population axis,"PC1-loading absolute cosine=0.9997; cell-bootstrap median=0.9969, 95% CI 0.9761-0.9998; 99.98% bootstraps >0.9",Results/Supp
DETAIL,ANM185 full-data event weighting is identity-quality sensitive; high-identity cells converge toward the 112/113 shared axis,"full cosine to 112/113 shared axis=0.598; true>forced-mismatch subset=0.825 (bootstrap 95% 0.719-0.966); identity delta>0.2 subset=0.933 (bootstrap median 0.941, 95% 0.806-0.998)",Supp
WITHIN-SESSION,ANM113 perfusion retains a reward-versus-isolated-unrewarded-lick population contrast after edge-QC restriction,9 edge-pass cells; mean contrast +0.188 z; 8/9 same direction; exact sign-flip p=0.0214; QC-coupling Spearman=0.20,Results/Supp
METHOD ROBUSTNESS,Named 2021 LHA geometry is robust to raw-baseline-z versus historical normalized representation,"Across all 9 animal-context datasets: minimum Gain r=0.902, Phase r=0.870, PC1-loading cosine=0.952",Methods/Supp
METHOD ROBUSTNESS,Legacy 2017 state geometry is robust to ROC versus N01 representation,"RDM rho ROC-vs-N01: 0.830 (ANM378231), 0.943 and 0.967 (ANM372321 lineages); within-372321 lineage RDM remains ~0.80 in both representations",Methods/Supp
SCOPE,Trial count is treated as inferential power rather than a data-quality criterion,ANM112/113/185 are fully analyzed; they are not counted as D6 longitudinal replicates because experimental designs differ,Methods/Scope
METHOD/QC,ANM112 and ANM185 cross-acquisition soma identity survives a forced wrong-cell structural null,"112: true patch r=0.508 vs forced mismatch 0.273, p=0.0002; 185: 0.615 vs 0.280, p=0.0002",Methods/Supp
SUPERSEDED,Unfiltered 112/113-vs-185 axis separation is not used as a final biological claim,"The separation weakens after structural-identity QC; high-identity ANM185 cells converge toward the shared axis. Preserve as a diagnostic, not a biological conclusion.",Results/Supp
METHOD/QC,Independent image-based validation supports the canonical ROI sets in ANM112/113/185,Weighted fraction of cells with blob percentile>=0.8: 0.920/0.919/0.819 (112/113/185); conservative 95th-percentile peak<=6 px: 0.860/0.847/0.698. ANM185 plane4 peak distance is threshold-sensitive: at 85-87.5th peak thresholds 15/15 ROIs are within 4 px.,Methods/Supp
METHOD ROBUSTNESS,ANM112/113/185 condition-effect structure is insensitive to background subtraction strength,"Across alpha=0,0.5,0.7 versus historical alpha=1: minimum condition-effect r=0.940 (112), 0.995 (113), 0.950 (185); alpha=0.7 minima=0.994/0.9995/0.992.",Methods/Supp
STRUCTURAL,ANM112 preserves the 112/113 shared event axis under stringent structural-identity filtering,"true patch corr > forced-mismatch: n=131, observed cosine=0.9995; bootstrap median=0.9970, 95% CI 0.972-0.9998.",Results/Supp
DETAIL,High-identity ANM185 cells recover a shared conditioning event axis,true>mismatch n=179 cosine=0.825; identity delta>0.1 n=156 cosine=0.863; delta>0.2 n=136 cosine=0.933; bootstrap CI at delta>0.2=0.806-0.998.,Supp
METHOD ROBUSTNESS,Named 2021 geometry is not driven by any single trial,"Leave-one-trial-out across all 9 animal-context datasets and both norm/raw-z representations: minimum Gain r=0.828, minimum Phase r=0.741, minimum PC1 loading cosine=0.842; most conditions >0.95.",Methods/Supp
METHOD ROBUSTNESS,"Legacy 2017 state geometry is not driven by any single state, including Fear","Leave-one-state-out minimum RDM rho: ROC cross-animal 0.817-0.887, within-372321 0.764; N01 cross-animal 0.593-0.709, within-372321 0.758. Dropping Fear leaves rho=0.862-0.894 ROC and 0.650-0.783 N01.",Methods/Supp
SUPERSEDED,A shared outcome-to-late cellular scaffold is replicated across all five current VTA animals,"Animal-level Fisher-mean outcome-vs-late cell-effect r: 54=0.633, 181=0.769, 112=0.404, 113=0.649, 185=0.740; 5/5 positive; five-animal mean r=0.655, animal bootstrap 95% CI 0.534-0.740; hierarchical cell-identity permutation p=2e-5.",History
STRUCTURAL,The predictive/cue component is less conserved than the outcome-to-late scaffold,Predictive-outcome animal-level r is positive in 4/5 mice (five-animal mean r=0.288); predictive-late is positive in 4/5 (mean r=0.215). ANM185 is the exception (r=-0.039 and -0.104) while retaining strong outcome-late coupling r=0.740.,Fig5/Supp
CONSTRAINT,The complete predictive-outcome-late PC1 is not treated as a five-animal invariant axis,"54/181/112/113 have highly similar three-window axes, but ANM185 diverges in predictive loading after identity QC. Five-animal full-axis held-out ANM185 cosine is 0.52 (principled identity filter; covariance-null p=0.468), despite preserved outcome-late coupling.",Discussion/Supp
CROSS-DATASET,Named 2021 cross-animal state geometry is context-specific and strongest in hunger,"Across ANM492241/496190/496191, hunger-context state-RDM mean rho=0.721 using historical normalization (exact global state-label null p=0.0020) and 0.560 using raw-baseline-z (p=0.0063). Social is not shared; control is weaker/context-dependent.",Supplement
CROSS-DATASET,Hunger-context geometry in the named 2021 cohort is stronger than social and usually stronger than control,"Cell bootstrap: hunger-minus-social median=0.671 norm and 0.606 raw-z, with 99.96% of bootstraps >0 in both; hunger-minus-control median=0.477 norm (99.76% >0) and 0.335 raw-z (96.28% >0).",Supplement
METHOD ROBUSTNESS,Legacy 2017 state geometry survives removal of generic cell responsiveness,"After subtracting each cell's mean across the 11 states, ROC cross-animal RDM rho=0.824/0.851 and N01=0.747/0.738; cell-z results remain 0.789/0.808 ROC and 0.739/0.715 N01. State-label permutation p<=1e-4 for the cross-animal centered/z-scored comparisons; bootstrap CIs remain positive.",Methods/Supp
STRUCTURAL,A shared outcome-to-late response structure is replicated across all five current VTA animals,"Animal-level outcome-late r=0.633/0.769/0.404/0.649/0.740 for 54/181/112/113/185; 5/5 positive; mean r=0.655, animal bootstrap 95% CI 0.534-0.740, hierarchical cell-identity permutation p=2e-5. Raw delayed coupling remains 5/5 positive at 8-10 s (mean r=0.664, 95% CI 0.503-0.761).",Fig5/Supp
CONSTRAINT,Raw outcome-to-late persistence cannot be interpreted as a kinetics-independent sustained neural state,"AR(1) positive-innovation analysis in the four high-trial MAIN conditioning sessions weakens sharply as assumed calcium decay slows: for tau>=1 s, aggregate cell-shuffle p is 0.11-0.44 across delayed windows and split CIs include zero. Trial-level carryover residualization also removes the relation in several sessions, including ANM185. Therefore the five-mouse result is a response-structure claim, not proof of an autonomous sustained latent state.",Results/Discussion/Supp
DETAIL,Delayed raw outcome-late coupling is strongest early and becomes animal dependent at longer lags,"Five-animal delayed-window meta-analysis: 8-10 s mean r=0.664, 5/5 positive, 95% CI 0.503-0.761; 10-12 s mean r=0.421, 4/5 positive; 12-14.5 s mean r=0.384, 4/5 positive. ANM185 loses delayed coupling after 10 s.",Supplement

