task,endpoint,animal,slope0,slope1,delta
Natural,neural,193,0.027251595210769,-0.4864330191331621,-0.5136846143439313
Natural,neural,195,-0.3814020570782852,0.7456573675139991,1.1270594245922845
Natural,neural,199,-0.0377582222257076,-1.9040317961965616,-1.866273573970854
Natural,neural,200,-0.1422353024303669,-0.4682318532661821,-0.3259965508358151
Natural,neural,217,-0.3408179393855363,-0.5134283052130868,-0.1726103658275504
Natural,neural,219,0.1740393703026308,-0.5682923970807562,-0.742331767383387
Natural,neural,236,-0.4312532805199944,-0.0488252775255889,0.3824280029944054
Natural,neural,239,-0.4534772890880049,0.079504881778694,0.5329821708666991
Natural,neural,240,-0.0372437976345969,-0.3729252957996469,-0.33568149816505
Natural,neural,243,0.1472654206212894,0.3543992839876808,0.2071338633663913
Natural,behavior,193,0.0359060506940571,-0.2322470971325716,-0.2681531478266288
Natural,behavior,195,-0.0600101483264614,0.8425395524745065,0.902549700800968
Natural,behavior,199,-0.1929932532374078,-0.8374326511856053,-0.6444393979481975
Natural,behavior,200,-0.1923255155550897,-0.2165216829328713,-0.0241961673777816
Natural,behavior,217,-0.0215587511770936,-0.4227961491982027,-0.401237398021109
Natural,behavior,219,0.4772863763802621,-0.2846853443296418,-0.7619717207099039
Natural,behavior,236,-0.2671294607464567,-0.2979951565677302,-0.0308656958212735
Natural,behavior,239,-0.2886449906419164,-0.6208351776791906,-0.3321901870372742
Natural,behavior,240,0.1391332735220712,-0.0813530853329805,-0.2204863588550517
Natural,behavior,243,-0.277820915398921,-0.0793668029733892,0.1984541124255318
QE,neural,001,0.0353952536310306,-0.896758663103577,-0.9321539167346076
QE,neural,002,-0.0118354805046868,-0.1966101031731731,-0.1847746226684863
QE,neural,003,-0.0312422123967699,0.1324063987874845,0.1636486111842544
QE,neural,007,-0.0319234227445444,-0.7205328562199873,-0.6886094334754429
QE,neural,018,0.016390671962323,-0.1809729999515427,-0.1973636719138657
QE,neural,019,-0.0482934692331457,-0.5551853517568094,-0.5068918825236637
QE,behavior,001,0.1665876346727628,-0.3861353653768262,-0.5527230000495891
QE,behavior,002,0.336531578322996,-0.1568905063957052,-0.4934220847187013
QE,behavior,003,0.0060445246765545,-0.0631540313437232,-0.0691985560202777
QE,behavior,007,0.2662927226521889,-0.6675244542375779,-0.9338171768897668
QE,behavior,018,0.0076930971840823,0.0249424776939106,0.0172493805098282
QE,behavior,019,0.0290857673798689,-0.2689556861582901,-0.2980414535381591
Stim13,neural,017,-0.0484692060030226,-0.1158121180935489,-0.0673429120905263
Stim13,neural,023,-0.0497608603383496,-0.1639213285897438,-0.1141604682513942
Stim13,neural,029,-0.0797448893020235,-0.3558544647092647,-0.2761095754072411
Stim13,neural,030,0.1402546419455485,-0.0152749488652359,-0.1555295908107844
Stim13,neural,034,-0.0798472476211043,-0.0978131844884057,-0.0179659368673014
Stim13,neural,058,0.0289170856342147,0.0797076658790177,0.050790580244803
Stim13,neural,066,0.0622672604585443,0.1644692120897609,0.1022019516312165
Stim13,neural,070,0.0013138290851016,-0.0343051868286024,-0.035619015913704
Stim13,neural,071,0.0443003832129337,-0.0070769721097856,-0.0513773553227193
Stim13,neural,128,-0.0375454058195089,-0.1712547201627797,-0.1337093143432707
Stim13,neural,130,-0.0382247554988385,-0.1086793604716288,-0.0704546049727903
Stim13,neural,131,-0.0729826326964384,-0.1405542335045832,-0.0675716008081448
Stim13,neural,133,-0.236921048495681,-0.2684698511537493,-0.0315488026580682
Stim13,behavior,017,0.1701475606617996,0.3286837985578815,0.1585362378960818
Stim13,behavior,023,0.1340260398707748,0.0211453377343077,-0.112880702136467
Stim13,behavior,029,-0.1903468954377875,0.3686514116395696,0.5589983070773572
Stim13,behavior,030,0.1596071190230496,0.0197988128512776,-0.139808306171772
Stim13,behavior,034,0.0146188537497671,-0.1016751415957826,-0.1162939953455497
Stim13,behavior,058,0.0700838187339904,-0.04637092197687,-0.1164547407108604
Stim13,behavior,066,0.288391819999345,-0.3361563030335351,-0.6245481230328801
Stim13,behavior,070,0.170092541288,0.0599937914681607,-0.1100987498198392
Stim13,behavior,071,0.0702579048738159,-0.1906223293225313,-0.2608802341963473
Stim13,behavior,128,0.0540072571047511,-0.0200287058098574,-0.0740359629146086
Stim13,behavior,130,-0.1589903445972914,-0.2356113241345185,-0.076620979537227
Stim13,behavior,131,0.0732884187429519,-0.0743530905326486,-0.1476415092756006
Stim13,behavior,133,0.3440635308004821,0.0280250821065751,-0.3160384486939069
