alpha,half_life_licks,outcome,n,n_animals,beta,se,cluster_p,q_BH_within_outcome
0.03,22.75657306277341,da_delta_2to5,398,11,2.3379998102397823,0.674694802138568,0.0005296989457173,0.00097216744790975
0.03,22.75657306277341,log_duration,398,11,0.7321112440736298,0.2769357966076746,0.0082026230399135,0.010253278799891874
0.1,6.578813478960585,da_delta_2to5,398,11,1.6455012877802977,0.4461681778311952,0.0002259578798451,0.00097216744790975
0.1,6.578813478960585,log_duration,398,11,0.5057535047537091,0.1715167158953541,0.0031910055291954,0.010253278799891874
0.2,3.1062837195053903,da_delta_2to5,385,11,1.2599125774202042,0.374907043622075,0.0007777339583278,0.00097216744790975
0.2,3.1062837195053903,log_duration,385,11,0.4108154620153638,0.1511231638699533,0.0065595524960048,0.010253278799891874
0.3,1.9433582098747315,da_delta_2to5,398,11,1.2452515746171828,0.3661221683537408,0.0006709283103931,0.00097216744790975
0.3,1.9433582098747315,log_duration,398,11,0.3850568276954844,0.1430094102378433,0.0070912601136715,0.010253278799891874
0.6,0.7564707973660301,da_delta_2to5,398,11,0.8210124360856955,0.2554922911691348,0.001311493203836,0.001311493203836
0.6,0.7564707973660301,log_duration,398,11,0.2383469783500157,0.1452425950194655,0.1007918701131218,0.1007918701131218
