animal,session_id,roi_id,plane,n_trials,timing_verified,condition_verified,raw_response_mean,raw_response_sem,raw_condition1_minus_condition0,carma_sub_v3_response_mean,carma_sub_v3_response_sem,carma_sub_v3_condition1_minus_condition0,suite_sub_response_mean,suite_sub_response_sem,suite_sub_condition1_minus_condition0,condition1,condition0,condition_authority
181,181_D5,1,3,42,0,1,0.3125428698791587,0.0628166503266831,0.1558068262825239,0.2014679865646446,0.0453520085316483,0.0918135734611227,0.2237651736070498,0.0460918118777175,0.0958891034269972,100E,20E,"181_D5/TRIAL_CELL_ACTIVITY.csv / trial,condition"
181,181_D5,2,3,42,0,1,-0.2659696833647768,0.0879186270473053,-0.3693475420885217,-0.1581109694777695,0.0549236266432963,-0.2254327499420983,-0.1635560327852785,0.0618637835734981,-0.2471607086798873,100E,20E,"181_D5/TRIAL_CELL_ACTIVITY.csv / trial,condition"
181,181_D5,3,3,42,0,1,0.3211267608128316,0.1090145079083673,0.2195549893671312,0.1850922631834239,0.0656313154931363,0.1108156509305188,0.2099305540026367,0.0721543529613729,0.1276630578200151,100E,20E,"181_D5/TRIAL_CELL_ACTIVITY.csv / trial,condition"
181,181_D5,4,3,42,0,1,0.035766713820132,0.0426993502345662,-0.0480664482981639,-0.0039059407034789,0.0381936369455331,-0.0485052099187019,0.0103108948712224,0.0394331143418595,-0.0479163302172406,100E,20E,"181_D5/TRIAL_CELL_ACTIVITY.csv / trial,condition"
181,181_D5,5,3,42,0,1,-0.0233237850607314,0.0585970916320845,0.0163080353993447,-0.0258833294631913,0.0507857750209265,-0.0255488481284776,-0.0241065909318619,0.0507921007032341,-0.008786060548377,100E,20E,"181_D5/TRIAL_CELL_ACTIVITY.csv / trial,condition"
181,181_D5,6,3,42,0,1,-0.0280608652242133,0.0351067423677626,0.0007324107582747,-0.0269115303475714,0.0349935116522447,-0.0033617326761001,-0.0311275600505163,0.0352845526069649,0.0082123065278463,100E,20E,"181_D5/TRIAL_CELL_ACTIVITY.csv / trial,condition"
181,181_D5,7,3,42,0,1,0.1602328406632844,0.0480923972903562,0.0066523909608296,0.0832422212721898,0.0353914699301588,-0.0476097536110752,0.1002091470250734,0.0382793274854167,-0.0426385377196629,100E,20E,"181_D5/TRIAL_CELL_ACTIVITY.csv / trial,condition"
181,181_D5,8,3,42,0,1,0.0693586579294583,0.0500783531168216,0.0191961960130426,0.0321915325577057,0.0440685080689573,-0.0044506785116305,0.0424052312906793,0.0467118112059805,-0.0004750196604151,100E,20E,"181_D5/TRIAL_CELL_ACTIVITY.csv / trial,condition"
181,181_D5,9,4,42,0,1,0.7764629433257,0.2156835817504098,0.0810724841968586,0.6023533815614732,0.1763614833784522,0.013347302843082,0.6432992197525659,0.1835214319891209,0.0191119855088949,100E,20E,"181_D5/TRIAL_CELL_ACTIVITY.csv / trial,condition"
181,181_D5,10,4,42,0,1,-0.2796950814124774,0.0596004636286157,0.1793471040727678,-0.2200622321877485,0.0536325615870447,0.1851553482718864,-0.2302149648144281,0.0535356869131522,0.1759636639486039,100E,20E,"181_D5/TRIAL_CELL_ACTIVITY.csv / trial,condition"
181,181_D5,11,4,42,0,1,0.4822583978777953,0.0999957604260776,0.1493595901452179,0.2527985552552086,0.0702672074852506,0.0602636930997019,0.2943676870631278,0.0752856005413535,0.0845971349262036,100E,20E,"181_D5/TRIAL_CELL_ACTIVITY.csv / trial,condition"
181,181_D5,12,4,42,0,1,0.048386084632135,0.0707271504815171,0.0987532579649017,0.016453364751283,0.0457609644951454,0.0060541429252637,0.0216224286209607,0.0513246042871714,0.0264587024221623,100E,20E,"181_D5/TRIAL_CELL_ACTIVITY.csv / trial,condition"
181,181_D5,13,4,42,0,1,0.0474539407870359,0.0550832023362329,0.0643603902689233,0.0136123325984249,0.0477132426224272,0.0442830981028237,0.0271727611164904,0.0505321158521574,0.0511762136940466,100E,20E,"181_D5/TRIAL_CELL_ACTIVITY.csv / trial,condition"
181,181_D5,14,4,42,0,1,0.1344343532898987,0.0390828032254115,0.0805378208466312,0.0649313412618574,0.0323809012452819,0.0582819950606496,0.0780168350610357,0.03365038521224,0.0667989271108445,100E,20E,"181_D5/TRIAL_CELL_ACTIVITY.csv / trial,condition"
