session,day,task,roi_id,track_id,conditions,file
54_D5,D5,100E_vs_20E,36,,20E | 100E,54_D5/cells/roi_36.png
54_D5,D5,100E_vs_20E,37,54_ROBUST_T001,20E | 100E,54_D5/cells/roi_37.png
54_D5,D5,100E_vs_20E,38,54_ROBUST_T002,20E | 100E,54_D5/cells/roi_38.png
54_D5,D5,100E_vs_20E,39,,20E | 100E,54_D5/cells/roi_39.png
54_D5,D5,100E_vs_20E,40,,20E | 100E,54_D5/cells/roi_40.png
54_D5,D5,100E_vs_20E,41,54_ROBUST_T004,20E | 100E,54_D5/cells/roi_41.png
54_D5,D5,100E_vs_20E,42,,20E | 100E,54_D5/cells/roi_42.png
54_D5,D5,100E_vs_20E,43,54_ROBUST_T003,20E | 100E,54_D5/cells/roi_43.png
54_D5,D5,100E_vs_20E,44,,20E | 100E,54_D5/cells/roi_44.png
54_D5,D5,100E_vs_20E,45,,20E | 100E,54_D5/cells/roi_45.png
54_D5,D5,100E_vs_20E,46,,20E | 100E,54_D5/cells/roi_46.png
54_D5,D5,100E_vs_20E,47,,20E | 100E,54_D5/cells/roi_47.png
54_D5,D5,100E_vs_20E,48,,20E | 100E,54_D5/cells/roi_48.png
54_D5,D5,100E_vs_20E,49,,20E | 100E,54_D5/cells/roi_49.png
54_D5,D5,100E_vs_20E,50,,20E | 100E,54_D5/cells/roi_50.png
54_D5,D5,100E_vs_20E,51,54_ROBUST_T005,20E | 100E,54_D5/cells/roi_51.png
54_D5,D5,100E_vs_20E,52,,20E | 100E,54_D5/cells/roi_52.png
54_D5,D5,100E_vs_20E,53,,20E | 100E,54_D5/cells/roi_53.png
54_D5,D5,100E_vs_20E,54,,20E | 100E,54_D5/cells/roi_54.png
54_D5,D5,100E_vs_20E,55,,20E | 100E,54_D5/cells/roi_55.png
54_D5,D5,100E_vs_20E,56,,20E | 100E,54_D5/cells/roi_56.png
54_D5,D5,100E_vs_20E,57,,20E | 100E,54_D5/cells/roi_57.png
54_D5,D5,100E_vs_20E,58,,20E | 100E,54_D5/cells/roi_58.png
54_D5,D5,100E_vs_20E,59,,20E | 100E,54_D5/cells/roi_59.png
