target,animal,model,n,lambda,mse,r2,corr
DA_Post06_AUCperSec,1,baseline_poly5,122,100.0,1.3495286677808918,-0.2729138329784462,-0.1824097888859315
DA_Post06_AUCperSec,1,q_signed_unsigned,122,100.0,1.2818628604810165,-0.20908951846921964,-0.08833577759237125
DA_Post06_AUCperSec,1,actor_rpe,122,10.0,1.2622826201196062,-0.19062087871066913,-0.036977881728645044
DA_Post06_AUCperSec,1,actor_abs_rpe,122,10.0,1.2710350318952457,-0.19887640249991523,-0.032316730385965935
DA_Post06_AUCperSec,1,actor_rpe_abs,122,100.0,1.2867388263452995,-0.2136886681916057,-0.08232778530442564
DA_Post06_AUCperSec,1,actor_update_signed_abs,122,100.0,1.2955352721587623,-0.22198572613807688,-0.0930328781028838
DA_Post06_AUCperSec,1,actor_full,122,100.0,1.2798745851354065,-0.20721412059763633,-0.07020776531730176
DA_Post06_AUCperSec,18,baseline_poly5,196,100.0,0.5145251048459132,0.09351922782929512,0.3105216606173496
DA_Post06_AUCperSec,18,q_signed_unsigned,196,100.0,0.4822591597350199,0.1503647705704978,0.4102085597271204
DA_Post06_AUCperSec,18,actor_rpe,196,100.0,0.48488469167018966,0.14573915717761154,0.40293352808730654
DA_Post06_AUCperSec,18,actor_abs_rpe,196,100.0,0.4838337151279105,0.14759074812741324,0.4056289683647066
DA_Post06_AUCperSec,18,actor_rpe_abs,196,100.0,0.47774937054708916,0.15831003339033012,0.42139962852445495
DA_Post06_AUCperSec,18,actor_update_signed_abs,196,100.0,0.48072282290144525,0.1530714602657075,0.41355984663624823
DA_Post06_AUCperSec,18,actor_full,196,100.0,0.472126253836222,0.16821673595948738,0.43487585245372046
DA_Post06_AUCperSec,19,baseline_poly5,110,100.0,0.43465871617136054,-0.0017754432316179347,0.11906282964567404
DA_Post06_AUCperSec,19,q_signed_unsigned,110,100.0,0.43489524513546785,-0.0023205810582394015,0.1519729615870735
DA_Post06_AUCperSec,19,actor_rpe,110,100.0,0.43675336711906765,-0.006603069604874889,0.1102196948080944
DA_Post06_AUCperSec,19,actor_abs_rpe,110,100.0,0.43079062211322905,0.007139508879956735,0.14594703995262773
DA_Post06_AUCperSec,19,actor_rpe_abs,110,100.0,0.4356460272684963,-0.00405093886794794,0.12825959867573733
DA_Post06_AUCperSec,19,actor_update_signed_abs,110,100.0,0.4321483687602184,0.004010255517537753,0.14232695593685224
DA_Post06_AUCperSec,19,actor_full,110,100.0,0.4369960718013135,-0.007162440857734653,0.13169809196968119
DA_Post06_AUCperSec,27,baseline_poly5,195,100.0,0.4358996804225903,0.01417306507258742,0.2179515547421471
DA_Post06_AUCperSec,27,q_signed_unsigned,195,100.0,0.4153226798646518,0.06070983098708904,0.28874013936524345
DA_Post06_AUCperSec,27,actor_rpe,195,100.0,0.42511808607476426,0.038556625297370806,0.2549240957460834
DA_Post06_AUCperSec,27,actor_abs_rpe,195,100.0,0.42747279858873743,0.0332312279076894,0.2374980275613093
DA_Post06_AUCperSec,27,actor_rpe_abs,195,100.0,0.42425118026948444,0.040517211944420484,0.2526636433066724
DA_Post06_AUCperSec,27,actor_update_signed_abs,195,100.0,0.42745477586456365,0.03327198794429709,0.24065167431587792
DA_Post06_AUCperSec,27,actor_full,195,100.0,0.4246488763645815,0.03961778590657161,0.25337058075204494
DA_Post06_AUCperSec,3,baseline_poly5,94,100.0,0.7011086349902109,0.11520923926418425,0.39110130151170536
DA_Post06_AUCperSec,3,q_signed_unsigned,94,100.0,0.6682655148172266,0.15665686639717247,0.4550930610831561
DA_Post06_AUCperSec,3,actor_rpe,94,100.0,0.699843788878543,0.11680546001729486,0.40126839569699646
DA_Post06_AUCperSec,3,actor_abs_rpe,94,100.0,0.6906106333365182,0.12845759252331423,0.4168000464025818
DA_Post06_AUCperSec,3,actor_rpe_abs,94,100.0,0.6951501583796252,0.12272876589671577,0.40712876793472735
DA_Post06_AUCperSec,3,actor_update_signed_abs,94,100.0,0.6889687406467991,0.13052964157460467,0.4236305260036035
DA_Post06_AUCperSec,3,actor_full,94,100.0,0.6921695064473604,0.1264903131934112,0.4142933824239543
DA_Post06_AUCperSec,35,baseline_poly5,134,100.0,0.4529908381738571,0.08461971256610223,0.29166009951330163
DA_Post06_AUCperSec,35,q_signed_unsigned,134,100.0,0.4306527440286458,0.12975936952208067,0.36148443246948225
DA_Post06_AUCperSec,35,actor_rpe,134,100.0,0.43553182765228615,0.11989997150902898,0.34890896867200216
DA_Post06_AUCperSec,35,actor_abs_rpe,134,100.0,0.4334493752671861,0.12410808280444696,0.3538415038913332
DA_Post06_AUCperSec,35,actor_rpe_abs,134,100.0,0.4310560066448005,0.12894447743513437,0.36204108659994405
DA_Post06_AUCperSec,35,actor_update_signed_abs,134,100.0,0.4355719593942181,0.11981887537557734,0.3484592613339734
DA_Post06_AUCperSec,35,actor_full,134,100.0,0.4317472890895933,0.12754756988273575,0.361421732111142
DA_Post06_AUCperSec,4,baseline_poly5,133,100.0,0.5077581603694677,-0.1304639169572348,0.13717632014590372
DA_Post06_AUCperSec,4,q_signed_unsigned,133,100.0,0.5211368576203086,-0.16025001529776262,0.08423757133740177
DA_Post06_AUCperSec,4,actor_rpe,133,100.0,0.5119482595050127,-0.13979268063039862,0.109573852153502
DA_Post06_AUCperSec,4,actor_abs_rpe,133,100.0,0.5176872329522874,-0.15256983107107103,0.09966154261382516
DA_Post06_AUCperSec,4,actor_rpe_abs,133,100.0,0.5180064045726381,-0.1532804292027894,0.09628486299231206
DA_Post06_AUCperSec,4,actor_update_signed_abs,133,100.0,0.5171804370477404,-0.15144150950370294,0.09880587614485126
DA_Post06_AUCperSec,4,actor_full,133,100.0,0.520008363042665,-0.15773755464212358,0.09094152074552514
DA_Post06_AUCperSec,5,baseline_poly5,147,100.0,0.44145007285044485,0.0803477085826525,0.35536127915002197
DA_Post06_AUCperSec,5,q_signed_unsigned,147,100.0,0.4489574321333648,0.06470797808617657,0.31901646356787217
DA_Post06_AUCperSec,5,actor_rpe,147,100.0,0.43173144907852345,0.10059406297457607,0.37162501371597745
DA_Post06_AUCperSec,5,actor_abs_rpe,147,100.0,0.4336740201244643,0.09654719556303581,0.36588756542536277
DA_Post06_AUCperSec,5,actor_rpe_abs,147,100.0,0.4311945925289783,0.10171247111700465,0.37040194395611425
DA_Post06_AUCperSec,5,actor_update_signed_abs,147,100.0,0.4308368754142572,0.10245768645270104,0.3709161789307749
DA_Post06_AUCperSec,5,actor_full,147,100.0,0.4284356256384218,0.10746009781114374,0.37434189764755166
DA_Post06_AUCperSec,6,baseline_poly5,240,100.0,0.561882644634545,0.01194885428316228,0.19554712367706628
DA_Post06_AUCperSec,6,q_signed_unsigned,240,100.0,0.5510232737398498,0.031044681422023657,0.2219555195628848
DA_Post06_AUCperSec,6,actor_rpe,240,100.0,0.5588667650985679,0.017252173863008258,0.20734839458128837
DA_Post06_AUCperSec,6,actor_abs_rpe,240,100.0,0.5557332734228434,0.022762310312066103,0.21078064389508044
DA_Post06_AUCperSec,6,actor_rpe_abs,240,100.0,0.5572125327783172,0.020161084032975674,0.21102143925092598
DA_Post06_AUCperSec,6,actor_update_signed_abs,240,100.0,0.5622424726914168,0.011316109123210571,0.1969335198970091
DA_Post06_AUCperSec,6,actor_full,240,100.0,0.5637330093652058,0.008695052070936016,0.19802380599994326
DA_ActionBout_AUCperSec,1,baseline_poly5,122,100.0,1.1268141225477388,-0.31429596861393083,-0.19920614852097873
DA_ActionBout_AUCperSec,1,q_signed_unsigned,122,100.0,1.0852832209356074,-0.265855062993835,-0.13190264322724526
DA_ActionBout_AUCperSec,1,actor_rpe,122,100.0,1.0959514243838269,-0.27829826591770845,-0.1457116241810844
DA_ActionBout_AUCperSec,1,actor_abs_rpe,122,100.0,1.0977943007879145,-0.28044776420680506,-0.14335194505416854
DA_ActionBout_AUCperSec,1,actor_rpe_abs,122,100.0,1.0898250356010861,-0.27115255490983414,-0.13140398333150535
DA_ActionBout_AUCperSec,1,actor_update_signed_abs,122,100.0,1.0967556368508966,-0.27923628504813003,-0.1413440181797097
DA_ActionBout_AUCperSec,1,actor_full,122,100.0,1.0865895594362656,-0.26737875300685876,-0.12430133398094646
DA_ActionBout_AUCperSec,18,baseline_poly5,196,100.0,0.45274025570991433,0.035556192133672004,0.18916181387884487
DA_ActionBout_AUCperSec,18,q_signed_unsigned,196,100.0,0.43037016991486293,0.08320976491492571,0.29937653795437824
DA_ActionBout_AUCperSec,18,actor_rpe,196,100.0,0.4333771454114337,0.076804196023054,0.2854650191020884
DA_ActionBout_AUCperSec,18,actor_abs_rpe,196,100.0,0.43416677699379513,0.0751220940219629,0.2817426409042593
DA_ActionBout_AUCperSec,18,actor_rpe_abs,196,100.0,0.4293527185416008,0.0853771769450512,0.303343520956282
DA_ActionBout_AUCperSec,18,actor_update_signed_abs,196,100.0,0.4346187095115428,0.07415937088696856,0.27967391455374163
DA_ActionBout_AUCperSec,18,actor_full,196,100.0,0.4283270416088986,0.08756211136194958,0.3077188612330204
DA_ActionBout_AUCperSec,19,baseline_poly5,110,100.0,0.27231880292168115,0.047914644457223154,0.23689546145614745
DA_ActionBout_AUCperSec,19,q_signed_unsigned,110,100.0,0.2786671408919298,0.025719483679991773,0.23675289344337808
DA_ActionBout_AUCperSec,19,actor_rpe,110,100.0,0.2811582245676327,0.017010117078705367,0.21255103996159402
DA_ActionBout_AUCperSec,19,actor_abs_rpe,110,100.0,0.2768143778426782,0.03219714349472946,0.23814923034745333
DA_ActionBout_AUCperSec,19,actor_rpe_abs,110,100.0,0.2820165622333881,0.01400918319933775,0.2182382235560608
DA_ActionBout_AUCperSec,19,actor_update_signed_abs,110,100.0,0.2780362719904,0.027925137626651608,0.23794241744169176
DA_ActionBout_AUCperSec,19,actor_full,110,100.0,0.28371294729870244,0.008078254593898215,0.22073799559217314
DA_ActionBout_AUCperSec,27,baseline_poly5,195,100.0,0.20002665788484886,-0.05980995819323254,0.15371414764522343
DA_ActionBout_AUCperSec,27,q_signed_unsigned,195,100.0,0.19348547914278794,-0.025152545813984295,0.22729761563237275
DA_ActionBout_AUCperSec,27,actor_rpe,195,100.0,0.19553605040410701,-0.03601717688721795,0.19923397513789698
DA_ActionBout_AUCperSec,27,actor_abs_rpe,195,100.0,0.19923291628724313,-0.055604442497124706,0.16356016817109603
DA_ActionBout_AUCperSec,27,actor_rpe_abs,195,100.0,0.19688501031957462,-0.04316442999204706,0.1879627341478209
DA_ActionBout_AUCperSec,27,actor_update_signed_abs,195,100.0,0.19950672226572808,-0.05705516064479399,0.1653111235673065
DA_ActionBout_AUCperSec,27,actor_full,195,100.0,0.19809360151016744,-0.049567961364911595,0.18352092014327195
DA_ActionBout_AUCperSec,3,baseline_poly5,94,100.0,0.2182304395124499,0.012905693834879939,0.20555414710725073
DA_ActionBout_AUCperSec,3,q_signed_unsigned,94,100.0,0.20183841778203068,0.08704966455125018,0.3091258855850879
DA_ActionBout_AUCperSec,3,actor_rpe,94,100.0,0.21316677635976147,0.03580952465483156,0.22936101123065444
DA_ActionBout_AUCperSec,3,actor_abs_rpe,94,100.0,0.21049501474241256,0.04789436802410496,0.25026102792803834
DA_ActionBout_AUCperSec,3,actor_rpe_abs,94,100.0,0.21105465091118114,0.04536303611206882,0.24492455581120562
DA_ActionBout_AUCperSec,3,actor_update_signed_abs,94,100.0,0.21008474986436912,0.049750067559151234,0.2521923057580437
DA_ActionBout_AUCperSec,3,actor_full,94,100.0,0.21002297157702332,0.05002950151813479,0.25184431712962874
DA_ActionBout_AUCperSec,35,baseline_poly5,134,100.0,0.256969625509012,0.03551720671590619,0.2851583519000102
DA_ActionBout_AUCperSec,35,q_signed_unsigned,134,100.0,0.2527606958968022,0.05131456090155795,0.348348706056904
DA_ActionBout_AUCperSec,35,actor_rpe,134,100.0,0.25942651515907,0.026295775242108577,0.30713502383388186
DA_ActionBout_AUCperSec,35,actor_abs_rpe,134,100.0,0.2562300547516394,0.03829303389193528,0.3223328636922608
DA_ActionBout_AUCperSec,35,actor_rpe_abs,134,100.0,0.25889112491269395,0.028305252740855824,0.31816537731973454
DA_ActionBout_AUCperSec,35,actor_update_signed_abs,134,100.0,0.25932607995962725,0.026672738167243137,0.314787175766724
DA_ActionBout_AUCperSec,35,actor_full,134,100.0,0.26184441090450294,0.017220699392947236,0.3150111677978105
DA_ActionBout_AUCperSec,4,baseline_poly5,133,100.0,0.36046098313142205,-0.1756687945739488,-0.057104035394305135
DA_ActionBout_AUCperSec,4,q_signed_unsigned,133,100.0,0.36849510343688446,-0.20187264180570685,-0.08699667026912683
DA_ActionBout_AUCperSec,4,actor_rpe,133,100.0,0.3629485233394767,-0.18378208154457076,-0.06474367984417423
DA_ActionBout_AUCperSec,4,actor_abs_rpe,133,100.0,0.36705991807880606,-0.19719168403528675,-0.07710162939855697
DA_ActionBout_AUCperSec,4,actor_rpe_abs,133,100.0,0.36679130424866485,-0.1963155811762629,-0.07378521870140263
DA_ActionBout_AUCperSec,4,actor_update_signed_abs,133,100.0,0.3673344960402987,-0.1980872393272919,-0.07874600851134464
DA_ActionBout_AUCperSec,4,actor_full,133,100.0,0.36863515401438485,-0.20232942659333863,-0.07843685880827411
DA_ActionBout_AUCperSec,5,baseline_poly5,147,100.0,0.2105219665687483,-0.05399700302118249,0.2365144493527595
DA_ActionBout_AUCperSec,5,q_signed_unsigned,147,100.0,0.209257977630225,-0.04766872965964497,0.21633972132611867
DA_ActionBout_AUCperSec,5,actor_rpe,147,100.0,0.20506485135234426,-0.026675468945768888,0.2534864135752063
DA_ActionBout_AUCperSec,5,actor_abs_rpe,147,100.0,0.20586159935232493,-0.030664458873185696,0.25170345451937937
DA_ActionBout_AUCperSec,5,actor_rpe_abs,147,100.0,0.20449881221337882,-0.023841543508978713,0.2555874760420241
DA_ActionBout_AUCperSec,5,actor_update_signed_abs,147,100.0,0.20512955650446196,-0.02699942106118769,0.25418714986116187
DA_ActionBout_AUCperSec,5,actor_full,147,100.0,0.20365376271374142,-0.019610727815303708,0.25849263257588656
DA_ActionBout_AUCperSec,6,baseline_poly5,240,100.0,0.49565429844965436,0.008402217639770448,0.16664296788517466
DA_ActionBout_AUCperSec,6,q_signed_unsigned,240,100.0,0.48935964035313556,0.020995206399773925,0.1967260001550036
DA_ActionBout_AUCperSec,6,actor_rpe,240,100.0,0.49243360599379293,0.014845481638258495,0.18579582010071705
DA_ActionBout_AUCperSec,6,actor_abs_rpe,240,100.0,0.49224022713168203,0.01523235218780139,0.18406257458979125
DA_ActionBout_AUCperSec,6,actor_rpe_abs,240,100.0,0.492028688618512,0.015655552634562975,0.18846452550058634
DA_ActionBout_AUCperSec,6,actor_update_signed_abs,240,100.0,0.4956776399059033,0.008355521108890152,0.17333804025828586
DA_ActionBout_AUCperSec,6,actor_full,240,100.0,0.4955851645369733,0.008540525800750487,0.17831209279468208
