AnmID,active,passive,unrewarded
1,-0.03411202304941188,0.04493672125695854,-0.001562732003048788
3,0.13644280696374012,0.08332568976807504,-0.05757117846620503
4,0.2520540229134939,0.30541351905175773,-0.24490440553801873
5,0.029788258514485935,0.21139897058349824,-0.0943721910381712
6,-0.014699184217509027,-0.028849538753733694,0.015273782864083993
18,0.059680704921123116,0.22603048453581126,-0.0881653078391451
19,0.3667335865329453,-0.21020280056094115,-0.019625489777683636
27,-0.007339728579869427,0.06382052164275888,-0.023528337501022924
35,0.09553880459938345,-0.45997787735367596,0.07809688524622695
