animal,session_id,roi_id,plane,n_trials,timing_verified,condition_verified,suite_sub_response_mean,suite_sub_response_sem,raw_response_mean,raw_response_sem,carma_sub_v3_response_mean,carma_sub_v3_response_sem
113,113_D1,1,1,5,0,0,-0.3927648194505137,0.21010122879762108,-0.3955915198092456,0.2109325241429437,-0.3917279762441411,0.20978983345534305
113,113_D1,2,1,5,0,0,-0.2718095402143919,0.12377515601229486,-0.28139079478819135,0.1162701700957503,-0.28245348875218645,0.10307118689544147
113,113_D1,3,1,5,0,0,-0.2890573132211384,0.0679870172092851,-0.28217937150644523,0.07427912888506392,-0.2727390786118947,0.06748172397781271
113,113_D1,4,1,5,0,0,0.10038891706796052,0.12388002463578507,0.023686810712999076,0.1490407794945921,0.08746149176468104,0.1231660012793214
113,113_D1,5,1,5,0,0,0.08839220852506602,0.14434642012431814,0.05109161289598513,0.1452080736387977,0.11379278656970752,0.12611665429671426
113,113_D1,6,1,5,0,0,0.08279967237099006,0.14751298076589367,0.07537451364957923,0.14409609763131942,0.08647833101895455,0.14505885621553205
113,113_D1,7,1,5,0,0,0.1167897516234131,0.3070818567255366,0.10566458978544131,0.3114658537426647,0.11737791625976597,0.30496294390470696
113,113_D1,8,1,5,0,0,0.24022372722735005,0.3075147279574718,0.22883290397833195,0.3095328889217463,0.24656820811286506,0.3092320155598394
113,113_D1,9,1,5,0,0,0.13477010262541783,0.13323580619642053,0.09653942103103899,0.13780640668284558,0.12344107240063193,0.13252352477241744
113,113_D1,10,1,5,0,0,-0.08882070962693926,0.13179116433366944,-0.09416698966984402,0.13827828349849117,-0.07880948563679775,0.13141672900805315
113,113_D1,11,1,5,0,0,0.08965306560964958,0.1874306744889366,0.08382091113115869,0.18937605155849074,0.09272369618631536,0.18370900899737896
113,113_D1,12,1,5,0,0,-0.06649135501390449,0.3145057229081397,-0.07813044995637247,0.32029017906949914,-0.05993428958372995,0.3119481509102011
113,113_D1,13,1,5,0,0,0.15918205876979788,0.19946313509329852,0.11944699392327576,0.21352155780559462,0.14481569597451377,0.20564041112136752
113,113_D1,14,1,5,0,0,0.1387299234733712,0.1713530237305135,0.08930192380120776,0.17777857887108342,0.13788318193381893,0.1640752710731809
113,113_D1,15,1,5,0,0,0.00845673547862943,0.1453082192245228,0.018928766421728093,0.1537161136776768,0.013591308646523415,0.13103178686035444
113,113_D1,16,1,5,0,0,0.014020148551763423,0.20613888560068594,-0.02398053788604947,0.1978096591444082,-0.019040167066665337,0.19856098896200328
113,113_D1,17,1,5,0,0,0.14480549629645068,0.24697330613125187,0.13750448437032542,0.25241427351763096,0.14776774785098667,0.23895813076742325
113,113_D1,18,1,5,0,0,0.035861745140770805,0.3036518357450165,0.028833954076402935,0.30853422404897823,0.0348980878109321,0.30816006255210426
113,113_D1,19,1,5,0,0,-0.004790337031513864,0.16084777692787097,-0.012634361179002938,0.16126061919113885,-0.001216669270883991,0.162223898147504
113,113_D1,20,1,5,0,0,0.16652300027519767,0.20178395847733913,0.1153575278838677,0.2073723860040262,0.15500985665282457,0.19855095544732965
113,113_D1,21,1,5,0,0,0.08654542871582219,0.2421921507567332,0.05533756971626119,0.2424078407601634,0.07453239873712283,0.24934620092048793
113,113_D1,22,1,5,0,0,0.16691865893412033,0.12982546031192238,0.1574116519313012,0.1301246621982457,0.1678328949898638,0.125230069620572
113,113_D1,23,1,5,0,0,0.23958563317469714,0.1008163389136318,0.2332674013066367,0.09868721976453877,0.2465889171050059,0.1013821119800612
113,113_D1,24,1,5,0,0,0.052132873365551335,0.35475893243228523,0.05217951746503176,0.35346613485038697,0.05087176394612023,0.3580654064235825
113,113_D1,25,1,5,0,0,0.21561869966325817,0.08844261622796332,0.21974363227753707,0.0878400121420256,0.21609107222317547,0.08608287331493163
113,113_D1,26,1,5,0,0,-0.06048245528882279,0.10213497217079406,-0.0677073739712897,0.10106611194817372,-0.08629557922934004,0.10289738768322647
113,113_D1,27,1,5,0,0,-0.04790456836672905,0.13469063463005582,-0.05070858046913762,0.13461831144976175,-0.05008758966929363,0.13448971393266823
113,113_D1,28,1,5,0,0,0.03155341953343371,0.15511293409218724,0.017623091711294538,0.1550680361788138,0.024685378072976216,0.16558750188899618
113,113_D1,29,1,5,0,0,-0.06292341969525816,0.06686178937349521,-0.05336853739248346,0.06787561149960811,-0.05309536770450783,0.06252699715497413
113,113_D1,30,1,5,0,0,0.06756747558759804,0.07055750560189593,0.061616777402709454,0.07353395425460003,0.0640543661479754,0.07254177728079023
113,113_D1,31,1,5,0,0,0.2924876207300687,0.11339799801126499,0.29875404826002505,0.10331172104108434,0.2833431369596514,0.10936765419124371
113,113_D1,32,1,5,0,0,0.3328562339800141,0.215081840341691,0.3357955461311406,0.21540036162473714,0.3372118354155876,0.21386584853072513
113,113_D1,33,2,5,0,0,-0.2074830927197291,0.20206932291272886,-0.21823305003090546,0.200710983790134,-0.09833264087611776,0.18468980426953235
113,113_D1,34,2,5,0,0,0.03415441342466979,0.13849244787786774,-2.8026979772782788e-05,0.16477343624083257,0.04066968519240967,0.1501676621227293
113,113_D1,35,2,5,0,0,-0.03650881573168911,0.19338564044782824,-0.04354592162017734,0.17441645065047487,-0.012575747222838385,0.19150711085981026
113,113_D1,36,2,5,0,0,0.11402803236303431,0.2356550238819595,0.11336752043302742,0.24916819809204369,0.12197954246650826,0.24125381628412837
113,113_D1,37,2,5,0,0,-0.15861255886125683,0.15849154612844005,-0.1613963632328346,0.16736699594805973,-0.13624109744421897,0.16211291281001983
113,113_D1,38,2,5,0,0,-0.22278969798769027,0.1703604028476583,-0.22884055770701056,0.15765200042957103,-0.21552227093907517,0.16463961074378103
113,113_D1,39,2,5,0,0,0.21018436921014466,0.07463665482392778,0.20149108307396596,0.07299007736834741,0.2133868591962428,0.07071773367943288
113,113_D1,40,2,5,0,0,0.3238840599985515,0.24348941378447259,0.3153112717126719,0.22508619694856866,0.34142295924495547,0.26434056392829525
113,113_D1,41,2,5,0,0,-0.1842597738936874,0.11015062317666009,-0.18878518332003247,0.11243690609696036,-0.1923699235069393,0.10543004573464121
113,113_D1,42,2,5,0,0,-0.011658835650118281,0.14647335939569064,-0.017444489654136825,0.14494055641881695,-0.007329667279491314,0.14687272235805576
113,113_D1,43,2,5,0,0,-0.23466184475311946,0.21667860890530724,-0.2377598834113975,0.2176269158252362,-0.23686642685817466,0.2153307927479012
113,113_D1,44,2,5,0,0,-0.2040868172235187,0.16406527912856603,-0.19156075671622175,0.1593845836047275,-0.19242408958639953,0.1628320592664961
113,113_D1,45,2,5,0,0,0.15843095906076513,0.10357023866801802,0.17173763442843182,0.09935078012005628,0.16695588258810895,0.1043374520816383
113,113_D1,46,2,5,0,0,0.5107427349094659,0.1629896426580887,0.5081719144494845,0.16525524131789227,0.5257663519718823,0.1641577700527931
113,113_D1,47,3,5,0,0,0.1441020948565552,0.13696237013524837,0.12507573022536772,0.12952105172727454,0.1615649636681706,0.12345180701953011
113,113_D1,48,3,5,0,0,-0.4437060715311558,0.21912278740276386,-0.44590330294059033,0.2193464998774646,-0.4427208442242305,0.21921245127085778
113,113_D1,49,3,5,0,0,0.07508512057046872,0.08690221828535595,0.06340465179700483,0.09607324478850442,0.08261208566684095,0.08856983223710878
113,113_D1,50,3,5,0,0,0.03252225516874134,0.16383817787714552,0.01304002745861384,0.15009775994515792,0.03186158853408937,0.15551208261336857
113,113_D1,51,3,5,0,0,-0.12745698861272542,0.21635279452650397,-0.18656408159213533,0.24028876172937938,-0.13417753079797323,0.2234426266865197
113,113_D1,52,3,5,0,0,-0.12126921647274166,0.37241791444041966,-0.1186778543407037,0.37067568539622003,-0.10757535850870817,0.3751789890315505
113,113_D1,53,3,5,0,0,0.0049608993212124945,0.1333740031504282,-0.04673335471555178,0.14043956019329706,0.029373903826395247,0.13186593029588548
113,113_D1,54,3,5,0,0,0.23362050597209488,0.07959370966038272,0.21476855912573548,0.07589291936642172,0.22625706837096932,0.07944726636271986
113,113_D1,55,3,5,0,0,-0.14408551080732251,0.15959040274953262,-0.14785011245819862,0.15298310239229815,-0.14205240505919753,0.1569295506196549
113,113_D1,56,3,5,0,0,0.14332648896772943,0.19399584056101823,0.10231097405543794,0.1797445104464604,0.12865812516517597,0.1824085266818272
113,113_D1,57,3,5,0,0,-0.00026589851737569,0.114838574056605,-0.009415458086497968,0.11289531725035451,0.001173318631179826,0.11454887857424974
113,113_D1,58,3,5,0,0,0.20673405422153607,0.20389567818903995,0.22136223704497038,0.2021347630644572,0.17898912464893071,0.2036208866935543
113,113_D1,59,3,5,0,0,0.39350816904926106,0.1889467119450809,0.39020005313290185,0.18955865649744572,0.3929221988049962,0.1902367232415667
113,113_D1,60,3,5,0,0,-0.11973982686433308,0.12224737005549678,-0.11129119226477915,0.11981445664035935,-0.12479028687526403,0.12615548905055254
113,113_D1,61,3,5,0,0,-0.008920667970771267,0.19525495887875524,-0.00455352787639321,0.1943119297724393,-0.007043382141559956,0.19212581574718124
113,113_D1,62,3,5,0,0,-0.06353794119722936,0.23321051362025969,-0.0698192697416028,0.23532952234361387,-0.06682518856284143,0.2358085784583214
113,113_D1,63,3,5,0,0,-0.10630559540569784,0.1430055098972134,-0.08996217570906989,0.13958445838992117,-0.09244230984788833,0.14274442657241085
113,113_D1,64,4,5,0,0,0.06345124043915482,0.171189817596752,0.06180282645189274,0.16520299790196016,0.06858438728395505,0.16744932355629677
113,113_D1,65,4,5,0,0,0.09009365893558477,0.11325741984689353,0.08103098606844034,0.11083808119636875,0.09543957290905249,0.11341900761937106
113,113_D1,66,4,5,0,0,0.13205601889026236,0.11950849916018921,0.11403201964459882,0.11650318194458191,0.1472711985301745,0.12182397480451942
113,113_D1,67,4,5,0,0,0.2861859163923711,0.1883261914983124,0.2799918353030931,0.18795050805844768,0.29485021877685613,0.18795457640776142
113,113_D1,68,4,5,0,0,0.0847776400914441,0.17248426856818358,0.05645872133582608,0.17184091674060675,0.07396760956814194,0.1776978023181108
113,113_D1,69,4,5,0,0,-0.03801499756818306,0.11940280712156949,-0.050716962624917185,0.11203014110490601,-0.030894722683054064,0.11978822336121052
113,113_D1,70,4,5,0,0,0.4656310761429113,0.3449635709780233,0.4639087991800829,0.3469611284356774,0.4658853824773367,0.3455119077562749
113,113_D1,71,4,5,0,0,-0.21384070835570473,0.25803995151318776,-0.2120423722993602,0.25733283222230136,-0.211660096757049,0.25836836208264774
113,113_D1,72,4,5,0,0,-0.06000656975859218,0.1882645338536179,-0.06971661006107668,0.16736557446276068,-0.026514473414553492,0.19407338853203324
113,113_D1,73,4,5,0,0,0.05065070779489285,0.05022410137329678,0.03749452942347621,0.047962925261433566,0.041741102865400795,0.04619459545349243
113,113_D1,74,4,5,0,0,-0.015285775379204714,0.23297922539470386,-0.020343629031089057,0.21855441046750687,0.030606013465554492,0.2503724035549683
113,113_D1,75,4,5,0,0,0.34518906169206526,0.076090672371564,0.33534315236384427,0.08277107997366048,0.3636340860750606,0.0728580318577475
113,113_D1,76,4,5,0,0,0.04532226767885334,0.08995168429890545,0.05609117741805343,0.0794139748711385,0.05472819539443419,0.08985204969713863
113,113_D1,77,4,5,0,0,0.08379125885693542,0.19745994996046365,0.053286632298408666,0.2058530074155633,0.08910165856667769,0.19800766793899113
113,113_D1,78,5,5,0,0,0.26125558073696564,0.14322326886261108,0.25065634348037685,0.14093923841301403,0.27641168448199116,0.14031410496237662
113,113_D1,79,5,5,0,0,0.10601463516187817,0.10453591408557492,0.07856818920908067,0.10847841623169452,0.1531744886021624,0.10858527995388491
113,113_D1,80,5,5,0,0,-0.0058156319270330934,0.14753110691476823,-0.013142424007657704,0.13350033813837228,0.02542161111282486,0.14780541836865416
113,113_D1,81,5,5,0,0,-0.1743334459837836,0.06303881103532459,-0.1994745504438782,0.04950114673963661,-0.16115362847259057,0.06708808169314562
113,113_D1,82,5,5,0,0,-0.23426820462213832,0.18587216179966926,-0.24725911480395535,0.18350547334699088,-0.22220462164190535,0.18445751610160832
113,113_D1,83,5,5,0,0,0.08702714714297619,0.0836529860080766,0.08532933904610028,0.07779768063796573,0.13145430064425864,0.09378943714124226
113,113_D1,84,5,5,0,0,-0.01231729089434117,0.12618841466978364,-0.06022761068191296,0.13457447701981617,-0.0012123095595777845,0.1259263426982844
113,113_D1,85,5,5,0,0,0.10713685244217337,0.08019388261447971,0.10495958496651488,0.07833741063783178,0.10398299071519072,0.07772783350766829
113,113_D1,86,6,5,0,0,0.3032885519719709,0.16175907205589646,0.3069805401941138,0.1447239602531863,0.31660195648946365,0.15502254604386467
113,113_D1,87,6,5,0,0,0.17644090740455884,0.15000548169873995,0.1751947240659285,0.15551056979522496,0.19862429885340474,0.16660485265052602
113,113_D1,88,6,5,0,0,0.24269135330951608,0.1913679925119504,0.23969659745244026,0.18984973550503184,0.261393295340491,0.19858824190608323
113,113_D1,89,6,5,0,0,-0.13107110899967506,0.13781349225820125,-0.122283378274026,0.13747902382370286,-0.08733188963291691,0.12826407945216314
113,113_D1,90,6,5,0,0,-0.10186373501790642,0.10617397046015284,-0.11682188015798575,0.12340764478541501,-0.1069543019405026,0.11406727592827447
113,113_D1,91,6,5,0,0,0.053464044769349475,0.0705337477200202,0.023062404652639097,0.10555885458255068,0.057716257143451175,0.08051895553855509
113,113_D1,92,6,5,0,0,-0.049693283115925024,0.15560425303659808,-0.07559818494546586,0.1542480223231007,-0.006891265408401593,0.14867404406775062
113,113_D1,93,6,5,0,0,0.0711898753870182,0.28014660218640003,0.06311523698085633,0.29901291817418224,0.0848497242965017,0.27965156136372105
113,113_D1,94,6,5,0,0,-0.04720754271209475,0.11672511441648076,-0.07320325538848088,0.11434623239618778,-0.03981891811624215,0.10548230059809076
113,113_D1,95,6,5,0,0,-0.06862109724755058,0.18181501558762053,-0.10034004434232387,0.17582136355389547,-0.07734963335017138,0.17519990453093484
113,113_D1,96,7,5,0,0,0.1016883375931084,0.12101553020718865,0.11680750850447219,0.11551505690142233,0.11119347832956099,0.1320624133279749
113,113_D1,97,7,5,0,0,-0.19244211480089338,0.15221293927107946,-0.24129368945520335,0.16699798981575162,-0.14705068525764262,0.14749082385893306
113,113_D1,98,7,5,0,0,-0.1343454218586949,0.0876744809942131,-0.13338125491284697,0.06908838280808752,-0.13690837038356185,0.0968932154114753
113,113_D1,99,7,5,0,0,-0.028687143453262696,0.1344254328118023,-0.05092745495473701,0.1444584905281175,-0.031194689565694045,0.14183805997661403
113,113_D1,100,7,5,0,0,-0.08315747428726857,0.2740306459265612,-0.0798453649362908,0.2741943632152379,-0.07764560894494052,0.2712392004616493
113,113_D1,101,8,5,0,0,0.11559362823660217,0.19541096854872944,0.09545828216994778,0.2020606736773787,0.10454815815695999,0.19548961080828953
113,113_D1,102,8,5,0,0,0.10480479436618761,0.11911830852358181,0.0885528549347376,0.11014733262253149,0.09324236919759339,0.11710474344777222
113,113_D1,103,8,5,0,0,-0.2175885621986255,0.13984701019513066,-0.25370281352767154,0.13491490591880959,-0.2177267296527484,0.14219845075893964
113,113_D1,104,8,5,0,0,-0.16935734004548122,0.17330273848435704,-0.22014008340280372,0.20500682058278144,-0.16425576216208276,0.17886754885542125
113,113_D1,105,8,5,0,0,-0.10020245335665123,0.19331573170974303,-0.09799999682125823,0.19212568349339385,-0.0867568153458557,0.1901113252088566
113,113_D1,106,8,5,0,0,-0.12537759522901823,0.10744045675553349,-0.16802398214747902,0.12567454334926279,-0.12996254517085232,0.09742950532903166
113,113_D1,107,8,5,0,0,-0.30149905181041414,0.10962054196148982,-0.373085998311242,0.1110401867371392,-0.3204050053433717,0.11349450513704286
113,113_D1,108,8,5,0,0,-0.22037279938543644,0.08441981321307272,-0.20533942985202724,0.0841190661894545,-0.21626240237561745,0.08761098680051381
113,113_D1,109,9,5,0,0,-0.12827744993334922,0.2316976218784081,-0.22066591274020708,0.25640872813885524,-0.11173627629495268,0.22908339003698117
113,113_D1,110,9,5,0,0,0.0018139619583092293,0.06702689852418843,-0.01613363500361139,0.058198182562826176,0.0014390616999300665,0.06954864958707635
113,113_D1,111,9,5,0,0,0.19728716204973815,0.13950006875190601,0.14182423014104936,0.13241342878900478,0.2051498426577539,0.15621471064260137
113,113_D1,112,10,5,0,0,0.01329347601547031,0.1556243530361529,-0.007757805447266716,0.16371042701603322,0.033362054104179445,0.1712365748865457
113,113_D1,113,10,5,0,0,0.09011038993276224,0.09368561882427508,0.05860711066291394,0.08730472282028105,0.09205428326284688,0.09989045192153032
113,113_D1,114,10,5,0,0,0.12415034929613282,0.09378106106121663,0.048941263240123614,0.13353947427176982,0.14326250526684603,0.10736650484164707
113,113_D1,115,10,5,0,0,0.2573663510913812,0.031689826335197846,0.24222392024908804,0.04876171402662415,0.3011328995109123,0.04858851747225116
113,113_D1,116,11,5,0,0,-0.04962946528491592,0.08420172788790589,-0.08680939933650259,0.0899755511407325,-0.051557177299889734,0.07434669943586963
113,113_D1,117,11,5,0,0,0.3270707755529193,0.14387584098032682,0.2667145262681573,0.11793256663618346,0.3181213428913702,0.15115889635179094
113,113_D1,118,11,5,0,0,0.2727598234735175,0.15607226586090184,0.24832425398884891,0.16660449210398645,0.2911255656649469,0.1611495128283399
113,113_D1,119,11,5,0,0,-0.15393343148669322,0.2514918089924215,-0.1866830451151969,0.25905199170816356,-0.13790575090110052,0.2537956325567985
113,113_D1,120,11,5,0,0,-0.08553732639818634,0.20862707702266112,-0.057901373831854876,0.21060369570139378,-0.053549419452992186,0.20538590356998196
113,113_D1,121,12,5,0,0,0.10113474582014356,0.12926828485408667,0.09664130989949829,0.136057412223915,0.09610025861273555,0.12563592362334736
113,113_D1,122,12,5,0,0,0.008275963049439106,0.13017912918185376,-0.03762202414998216,0.13109501232867998,0.013145246072597854,0.13331481191157188
113,113_D1,123,12,5,0,0,-0.20866576431263778,0.148444185507361,-0.2524003426590067,0.13583326722565905,-0.22730502859941884,0.15248362072414207
113,113_D1,124,12,5,0,0,-0.041039446239134934,0.18394909580103871,-0.06522159871629399,0.18963308526530787,-0.049529005853355575,0.19339256658421916
