condition,pretrain,n_train_animals,n_folds,wins,mean_brier_gain,median_brier_gain,rrb,p_one_sided
1,macaque001435,2,5,5,0.00481820981653628,0.004259292916501,1.0,0.03125
1,macaque001435,4,5,5,0.013653091700870281,0.0017566049436387,1.0,0.03125
1,macaque001435,8,5,1,-0.0009884368173807801,-0.0010746475769342,-0.8666666666666667,0.96875
3,mouse001632,2,5,5,0.0049483649044903205,0.0060789449439316,1.0,0.03125
3,mouse001632,4,5,4,0.0125218029766902,0.0015700564478332,0.7333333333333333,0.09375
3,mouse001632,8,5,1,-0.00074763557451364,-0.0003659942859191,-0.8666666666666667,0.96875
4,aeon,2,5,4,0.00183796510899588,0.0007812262100724,0.8666666666666667,0.0625
4,aeon,4,5,5,0.01249479287576502,0.000950892225193,1.0,0.03125
4,aeon,8,5,0,-0.0008605078483184623,-0.0008629897171971,-1.0,1.0
15,macaque001435;rat001169;mouse001632;aeon,2,5,4,0.00593923915548686,0.0089707039086389,0.8666666666666667,0.0625
15,macaque001435;rat001169;mouse001632;aeon,4,5,2,0.01096017835576222,-0.0003980542995306,0.06666666666666667,0.5
15,macaque001435;rat001169;mouse001632;aeon,8,5,1,-0.00131832154928134,-0.0015766027429174,-0.8666666666666667,0.96875
