animal,brier_classical,brier_multiscale,nll_classical,nll_multiscale,auc_classical,auc_multiscale,brier_gain,nll_gain,auc_gain
C015,0.21102422514645325,0.20880969280918749,0.6128551509826882,0.6085510473906488,0.5435947310947311,0.5712104149604149,0.002214532337265762,0.0043041035920393655,0.027615683865683804
C033,0.2478351169830135,0.24813785748613407,0.6888897418404007,0.6895435467254705,0.5548244975122445,0.5549135193403969,-0.00030274050312056877,-0.0006538048850697198,8.902182815240245e-05
C034,0.18508800549309223,0.18244870839745164,0.557900134446275,0.5516134932653475,0.5190444598892189,0.5385522630104673,0.0026392970956405915,0.006286641180927477,0.019507803121248446
C035,0.25079722586859243,0.2475066089877829,0.6950290547383178,0.6881913594367653,0.5191832495079816,0.5550851009548801,0.0032906168808095326,0.006837695301552427,0.0359018514468985
C036,0.2394763394549251,0.23805186668164552,0.6721717299595155,0.6690727980001998,0.5108601317680435,0.5306859963791783,0.0014244727732795892,0.003098931959315654,0.01982586461113489
E001,0.23926118630321888,0.2381368608497383,0.6717875009973062,0.6693231882828402,0.5001432559506318,0.52180429033206,0.001124325453480568,0.0024643127144660104,0.02166103438142819
E002,0.2305062018212731,0.23091080451333296,0.6535931261032103,0.6542699482560804,0.5280172261640016,0.5206360972854671,-0.00040460269205985777,-0.0006768221528701268,-0.007381128878534482
E003,0.2339897419078452,0.23307674841999682,0.6609178918123464,0.658950368927033,0.528737327093568,0.5428983865084478,0.0009129934878483736,0.001967522885313433,0.014161059414879773
E004,0.2440844163031549,0.2433408913918096,0.6814299582020582,0.6798501599158497,0.5459738969426005,0.5574121744017422,0.0007435249113453002,0.001579798286208467,0.011438277459141721
E005,0.20571978773918542,0.20430705396553375,0.6015725528291023,0.59843250138772,0.549165246394341,0.5566028918577162,0.0014127337736516699,0.0031400514413822966,0.00743764546337522
