fold,animal,model,n,brier,nll,train_bic
0,C015,asymq,750,0.21785039620576133,0.6279670689839881,13674.869385886032
0,C015,ck,750,0.211024124246985,0.6128549442427468,13532.665377517704
0,C015,forgetq,750,0.21047083836629463,0.6113865573556079,13549.494731142117
0,C015,q,750,0.21868096811437257,0.6297591778833295,13680.090344319744
0,C015,qck,750,0.21103023076947738,0.6128683379241202,13551.16785357884
0,C015,wsls,750,0.2204623536225597,0.6333937850331524,13711.53492909932
0,E005,asymq,1631,0.21596297919797597,0.6240700176504478,13674.869385886032
0,E005,ck,1631,0.20571986092241976,0.6015727477546282,13532.665377517704
0,E005,forgetq,1631,0.20680599968512964,0.6041618287753762,13549.494731142117
0,E005,q,1631,0.21562024885580322,0.6234461512316859,13680.090344319744
0,E005,qck,1631,0.20573527432367503,0.6016042408198741,13551.16785357884
0,E005,wsls,1631,0.21997567269389048,0.6324074406513298,13711.53492909932
1,C033,asymq,1577,0.2560900042274223,0.7060153918694272,13195.286165475878
1,C033,ck,1577,0.24783522450643436,0.6888899560997191,13085.770769440944
1,C033,forgetq,1577,0.2500518268707852,0.6933943996373038,13110.848560893977
1,C033,q,1577,0.25622609596097645,0.7063172940237331,13189.504410723852
1,C033,qck,1577,0.24783761792705156,0.6888950216059366,13104.20650623559
1,C033,wsls,1577,0.25389627639016676,0.7013507457618826,13253.687914891412
1,C034,asymq,1036,0.19693290946231926,0.5847234107784233,13195.286165475878
1,C034,ck,1036,0.18508819814220967,0.5579006262285344,13085.770769440944
1,C034,forgetq,1036,0.1843253193025919,0.5560015540007149,13110.848560893977
1,C034,q,1036,0.19962622862264162,0.5906346492022926,13189.504410723852
1,C034,qck,1036,0.18509187175999264,0.5579098813866425,13104.20650623559
1,C034,wsls,1036,0.20357283056737482,0.5987937234360913,13253.687914891412
2,C035,asymq,1487,0.2564018335317161,0.7067685785007265,13104.260102025408
2,C035,ck,1487,0.25079713574875095,0.6950288664329253,12906.346895175737
2,C035,forgetq,1487,0.25055907980985714,0.6944120964745624,12930.77472514673
2,C035,q,1487,0.2578044123015166,0.7097884508624076,13104.15252894675
2,C035,qck,1487,0.25079221905955823,0.6950175297100101,12924.981110975956
2,C035,wsls,1487,0.25602980800465625,0.7059292906585446,13175.969511327825
2,E001,asymq,1071,0.23819614035442221,0.6694640205396352,13104.260102025408
2,E001,ck,1071,0.23926120468263598,0.6717875361411378,12906.346895175737
2,E001,forgetq,1071,0.23964380432303428,0.6726047955262185,12930.77472514673
2,E001,q,1071,0.23802582959077007,0.6690831376424001,13104.15252894675
2,E001,qck,1071,0.23926335051132325,0.6717909906273207,12924.981110975956
2,E001,wsls,1071,0.23949618463792158,0.6720575207981023,13175.969511327825
3,C036,asymq,1342,0.2383147925711333,0.6696061222884822,13385.131165558712
3,C036,ck,1342,0.23947639363848136,0.6721718552743318,13157.256339017045
3,C036,forgetq,1342,0.23911715886138954,0.6712945558006205,13184.342188465833
3,C036,q,1342,0.23828722236021443,0.6695613763410129,13394.753178037017
3,C036,qck,1342,0.2394807171614641,0.6721809511564882,13175.82581893182
3,C036,wsls,1342,0.2399520240291848,0.6729416474513573,13438.258859299634
3,E002,asymq,1109,0.2302335250640778,0.6530313221178912,13385.131165558712
3,E002,ck,1109,0.23050621341079222,0.6535931545400133,13157.256339017045
3,E002,forgetq,1109,0.230373986547602,0.6532478776295667,13184.342188465833
3,E002,q,1109,0.2305381744584724,0.6537204398687103,13394.753178037017
3,E002,qck,1109,0.23051164179796838,0.6536033621957333,13175.82581893182
3,E002,wsls,1109,0.23316231499149345,0.6590896758450824,13438.258859299634
4,E003,asymq,1286,0.23434876114283146,0.6615894750981964,13166.306140615705
4,E003,ck,1286,0.23398973255711752,0.6609178689593149,12973.557236664881
4,E003,forgetq,1286,0.23345723859488252,0.6596352810485365,12990.348359125785
4,E003,q,1286,0.23375978297136382,0.6603079579104115,13181.560970494866
4,E003,qck,1286,0.23398603557620787,0.6609098969016926,12992.09652825403
4,E003,wsls,1286,0.23495526935479744,0.6627484200851517,13230.3859556002
4,E004,asymq,1275,0.24936376873150626,0.6923051071119195,13166.306140615705
4,E004,ck,1275,0.24408441616396118,0.6814299557909519,12973.557236664881
4,E004,forgetq,1275,0.24610573285053672,0.6854970923420834,12990.348359125785
4,E004,q,1275,0.24920089614908514,0.6919492986297304,13181.560970494866
4,E004,qck,1275,0.24409690373639242,0.6814557920726256,12992.09652825403
4,E004,wsls,1275,0.251073059276725,0.6957008567382909,13230.3859556002
