fold,animal,model,n,brier,nll,auc
0,C015,multiscale_logit,750,0.20880969280918749,0.6085510473906488,0.5712104149604149
0,C015,nestedCV_CK,750,0.21102422514645325,0.6128551509826882,0.5435947310947311
1,C033,multiscale_logit,1577,0.24813785748613407,0.6895435467254705,0.5549135193403969
1,C033,nestedCV_CK,1577,0.2478351169830135,0.6888897418404007,0.5548244975122445
1,C034,multiscale_logit,1036,0.18244870839745164,0.5516134932653475,0.5385522630104673
1,C034,nestedCV_CK,1036,0.18508800549309223,0.557900134446275,0.5190444598892189
2,C035,multiscale_logit,1487,0.2475066089877829,0.6881913594367653,0.5550851009548801
2,C035,nestedCV_CK,1487,0.25079722586859243,0.6950290547383178,0.5191832495079816
3,C036,multiscale_logit,1342,0.23805186668164552,0.6690727980001998,0.5306859963791783
3,C036,nestedCV_CK,1342,0.2394763394549251,0.6721717299595155,0.5108601317680435
2,E001,multiscale_logit,1071,0.2381368608497383,0.6693231882828402,0.52180429033206
2,E001,nestedCV_CK,1071,0.23926118630321888,0.6717875009973062,0.5001432559506318
3,E002,multiscale_logit,1109,0.23091080451333296,0.6542699482560804,0.5206360972854671
3,E002,nestedCV_CK,1109,0.2305062018212731,0.6535931261032103,0.5280172261640016
4,E003,multiscale_logit,1286,0.23307674841999682,0.658950368927033,0.5428983865084478
4,E003,nestedCV_CK,1286,0.2339897419078452,0.6609178918123464,0.528737327093568
4,E004,multiscale_logit,1275,0.2433408913918096,0.6798501599158497,0.5574121744017422
4,E004,nestedCV_CK,1275,0.2440844163031549,0.6814299582020582,0.5459738969426005
0,E005,multiscale_logit,1631,0.20430705396553375,0.59843250138772,0.5566028918577162
0,E005,nestedCV_CK,1631,0.20571978773918542,0.6015725528291023,0.549165246394341
