family,behavior_model,behavior_contract,role,brier,auc,logloss,brier_skill_vs_prevalence,early_effect,early_p,early_n,middle_raw_effect,middle_raw_p,middle_raw_n,middle_conditional_effect,middle_conditional_p,middle_conditional_n,post_effect,post_p,post_n,jaws_effect,jaws_p,jaws_n,recovery_fraction,recovery_n,generative_trajectory_r,generative_kernel_r,early_status,middle_raw_status,middle_conditional_status,post_status,jaws_status,recovery_status,generative_status,ddai_descriptive,early_tested,middle_raw_tested,middle_conditional_tested,post_tested,jaws_tested,row_class,behavior_audit_level,early_p_one_sided,early_p_two_sided,early_p_primary_convention,generative_contract_note
SLM full,SLM full,integrated SLM,primary mechanistic model,0.1708243563726864,0.8233201809723663,0.5147330653811479,0.3329066154273088,0.8095238095238095,0.046875,6.0,0.6666666666666667,0.0415664294040326,8.0,0.6666666666666667,0.0415664294040326,8.0,0.8666666667,0.01953125,9.0,-1.0,0.001953125,10.0,,,,,tested ActorPolicy; median gain +1.940%,SLM APE coupling-vs-SRI,"APE survives conditioning on CK, Q+CK, and Q errors",frozen cross-model temporal comparison,"Active belief, acute",Full composite SLM recovery not yet run; policy/Feature-Q/Actor-Critic/belief components recover strongly,Full current composite SLM not yet rerun closed-loop,0.7809523809666666,True,True,True,True,True,primary,per-animal/OOF source numerically re-audited,0.046875,0.09375,pre-specified directional SLM test,Current exact Full-SLM closed-loop not yet complete. A legacy 61-feature full+prior+Q conditional agent improves trajectory fidelity but uses the 40-animal predecessor contract and real outcomes.
SLM+CK,SLM + Choice-kernel stack,hybrid OOF meta-head,parsimonious behavioral head,0.1654105683946884,0.8340842591927909,0.499881179052502,0.3540482267425151,-0.1428571428571428,0.84375,6.0,,,,,,,,,,-0.9272727273,0.005859375,10.0,,,,,"proxy ActorPolicy+CK95, not fitted OOF meta-stack",NA / not directly tested,NA / not directly tested,NA / not directly tested,"branch-specific: SLM Active belief disrupted; CK update +.164, P=.695",Composite SLM+CK recovery not yet run,Composite SLM+CK not yet rerun closed-loop,,True,False,False,False,True,parsimonious head,per-animal/OOF source numerically re-audited,,,,Composite SLM+CK not yet rerun closed-loop
Current+CK,Current + Choice-kernel,input-matched strong classical,generic persistence control,0.1664007482320788,0.8322454119083034,0.5025058054107201,0.3501814337799279,-0.238095238095238,0.6875,6.0,0.6904761904761906,0.0334813124674487,8.0,-0.3333333333333333,0.8053123682448352,8.0,0.4666666666666667,0.25,9.0,0.1636363636363636,0.6953125,10.0,,,,,tested CK95; median gain -0.668%,raw ck_err coupling-vs-SRI,reverse candidate|APE,CK_err; median gain +0.509%,"Choice-kernel update, continuous_exact_per_event",NA / not directly tested,NA / not directly tested,-0.0190476190333333,True,True,True,True,True,input-matched control,per-animal/OOF source numerically re-audited,0.71875,0.6875,two-sided alternative-model comparison,NA / not directly tested
Current+Q+CK,Current + Q + choice kernel,input-matched strong classical,value + persistence control,0.1666657525796509,0.8315126571860718,0.5032814826467836,0.3491465541474083,-0.3333333333333333,0.5625,6.0,0.761904761904762,0.0183279184544034,8.0,-0.3333333333333333,0.8053123682448352,8.0,0.4666666666666667,0.25,9.0,,,,,,,,tested Qall+CK95; median gain -2.754%,raw q_ck_err coupling-vs-SRI,reverse candidate|APE,Q+CK_err; median gain +0.507%,NA / not directly tested,NA / not directly tested,NA / not directly tested,,True,True,True,True,False,input-matched control,per-animal/OOF source numerically re-audited,0.78125,0.5625,two-sided alternative-model comparison,NA / not directly tested
RW,Rescorla-Wagner,restricted low-dimensional RL,scalar value baseline,0.2442634418250208,0.5784264086807765,0.6817541503492351,0.0461165515593783,,,,,,,,,,,,,,,,0.8333333333333334,6.0,,,NA / not directly tested,NA / not directly tested,NA / not directly tested,NA / not directly tested,NA / not directly tested,mouse-matched exact/family recovery: rw_active,NA / not directly tested,,False,False,False,False,False,restricted/legacy model,per-animal/OOF source numerically re-audited,,,,NA / not directly tested
WSLS,Win-stay/lose-shift,restricted low-dimensional RL,heuristic baseline,0.2379870613943085,0.6213757042792024,0.6689010521574728,0.0706267089707434,,,,0.5476190476190477,0.0855137521390838,8.0,,,,0.4666666666666667,0.25,9.0,,,,,,,,NA / not directly tested,raw wsls_err coupling-vs-SRI,NA / not directly tested,WSLS_err; median gain +0.653%,NA / not directly tested,NA / not directly tested,NA / not directly tested,,False,True,False,True,False,restricted/legacy model,per-animal/OOF source numerically re-audited,,,,NA / not directly tested
Q-active,Q-learning (Active reward),restricted low-dimensional RL,action-value baseline,0.2175356474828378,0.7100495266140965,0.6260420876529716,0.1504923862968453,,,,,,,,,,,,,-0.9555555555555556,0.0078125,10.0,1.0,6.0,,,NA / not directly tested,NA / not directly tested,NA / not directly tested,NA / not directly tested,"Active Q, acute",mouse-matched exact/family recovery: q_active,NA / not directly tested,,False,False,False,False,True,restricted/legacy model,per-animal/OOF source numerically re-audited,,,,NA / not directly tested
Q-all,Q-learning (all reward),restricted low-dimensional RL,all-reward action-value,0.2113652579088277,0.7287054989629613,0.6124299476660607,0.1745886343522343,0.0476190476190476,1.0,6.0,-0.1428571428571429,0.6471317675652886,8.0,-0.3571428571428572,0.8200689467027108,8.0,0.9555555555555556,0.0078125,9.0,,,,1.0,6.0,0.7680565629476442,0.2646588041830329,tested Qall; median gain +0.354%,raw q_err coupling-vs-SRI,reverse candidate|APE,qAllRPE; median gain +1.057%,NA / not directly tested,mouse-matched exact/family recovery: q_allreward,legacy closed-loop history-aware environment,,True,True,True,True,False,restricted/legacy model,per-animal/OOF source numerically re-audited,0.5,1.0,two-sided alternative-model comparison,legacy closed-loop history-aware environment
Asymmetric-Q,Asymmetric Q-learning,restricted low-dimensional RL,asymmetric learning baseline,0.2128428816927431,0.7224175231110754,0.6143205670706035,0.168818303516117,,,,,,,,,,,,,,,,,,,,NA / not directly tested,NA / not directly tested,NA / not directly tested,NA / not directly tested,NA / not directly tested,NA / not directly tested,NA / not directly tested,,False,False,False,False,False,restricted/legacy model,per-animal/OOF source numerically re-audited,,,,NA / not directly tested
Forgetting-Q,Forgetting Q-learning,restricted low-dimensional RL,forgetting value baseline,0.2036863691258056,0.7493939985215448,0.594510610181578,0.2045757861659236,,,,,,,,,,,,,,,,,,,,NA / not directly tested,NA / not directly tested,NA / not directly tested,NA / not directly tested,NA / not directly tested,NA / not directly tested,NA / not directly tested,,False,False,False,False,False,restricted/legacy model,per-animal/OOF source numerically re-audited,,,,NA / not directly tested
Direct policy,Direct policy,SLM component,policy component,0.1709936348903188,0.8231906553904562,0.5149791048617893,0.3322455587626697,,,,,,,,,,,,,,,,1.0,20.0,,,NA / not directly tested,NA / not directly tested,NA / not directly tested,NA / not directly tested,NA / not directly tested,focused policy recovery 20-replicate contract,NA / not directly tested,,False,False,False,False,False,SLM component,per-animal/OOF source numerically re-audited,,,,NA / not directly tested
Actor-Critic,Actor-Critic,SLM component,actor/critic component,0.1710631794456691,0.8230882937762212,0.515226753122235,0.3319739773922355,,,,,,,,,,1.0,0.00390625,9.0,-0.5272727272727272,0.16015625,10.0,1.0,6.0,,,NA / not directly tested,NA / not directly tested,NA / not directly tested,ActorCriticRPE; median gain +1.446%,"Actor theta, acute",mouse-matched exact/family recovery: actor_critic_allreward; focused state-value actor recovery 19/20,NA / not directly tested,,False,False,False,True,True,SLM component,per-animal/OOF source numerically re-audited,,,,NA / not directly tested
Outcome belief,Common belief,SLM component,contingency belief component,0.1710930152271955,0.823162992555415,0.5150702267616901,0.3318574644259205,,,,,,,,,,0.9111111111111112,0.01171875,9.0,-1.0,0.001953125,10.0,1.0,6.0,0.7693617295014317,0.2108681445041478,NA / not directly tested,NA / not directly tested,NA / not directly tested,BeliefSurprise; median gain +1.146%,"Active belief, acute",mouse-matched exact/family recovery: outcome_belief_full4,legacy closed-loop history-aware environment,,False,False,False,True,True,SLM component,per-animal/OOF source numerically re-audited,,,,legacy closed-loop history-aware environment
Feature-Q,Feature-Q,SLM component,structured Q component,0.1708914134160901,0.8235580162024958,0.5144612793459964,0.3326447481444839,,,,,,,,,,,,,,,,1.0,20.0,,,NA / not directly tested,NA / not directly tested,NA / not directly tested,NA / not directly tested,NA / not directly tested,focused Feature-Q recovery,NA / not directly tested,,False,False,False,False,False,SLM component,per-animal/OOF source numerically re-audited,,,,NA / not directly tested
Adaptive-Q,,recovery-only legacy family,adaptive learning-rate Q; not Asymmetric-Q,,,,,,,,,,,,,,,,,,,,1.0,6.0,,,NA / not directly tested,NA / not directly tested,NA / not directly tested,NA / not directly tested,NA / not directly tested,mouse-matched exact/family recovery: adaptive_q_active,NA / not directly tested,,False,False,False,False,False,restricted/legacy model,,,,,NA / not directly tested
TinyRNN,TinyRNN h3,flexible capacity ceiling,recurrent history ceiling,0.1680305110879573,0.8286052040240466,0.5064509719638168,0.3438169782499044,,,,-0.5476190476,0.9244314377,8.0,,,,0.7333333333,0.0546875,9.0,,,,,,,,NA / not directly tested,frozen black-box comparator,NA / not directly tested,frozen cross-model temporal comparison,NA / not directly tested,NA / not directly tested,NA / not directly tested,-0.226984127,False,True,False,True,False,flexible ceiling,per-animal/OOF source numerically re-audited,,,,NA / not directly tested
History MLP,History MLP + formal-all,flexible capacity ceiling,flexible history ceiling,0.1637221648641617,0.8373648655712769,0.495153369845299,0.3606416824394666,,,,0.0238095238,0.4884055455,8.0,,,,-0.9111111111,0.01171875,9.0,-0.0181818182,1.0,10.0,,,,,NA / not directly tested,frozen black-box comparator,NA / not directly tested,frozen cross-model temporal comparison,black-box zero-shot comparator,NA / not directly tested,NA / not directly tested,-0.4216931217,False,True,False,True,True,flexible ceiling,per-animal/OOF source numerically re-audited,,,,NA / not directly tested
Current+Q-active,Current + Q-active,input-matched strong classical,behaviorally strong input-matched control,0.1757499650238004,0.8134176415771516,0.5271517553842143,0.3136714137504269,,,,,,,,,,,,,,,,,,,,NA / not directly tested,NA / not directly tested,NA / not directly tested,NA / not directly tested,NA / not directly tested,NA / not directly tested,NA / not directly tested,,False,False,False,False,False,input-matched control,per-animal/OOF source numerically re-audited,,,,NA / not directly tested
Current+Q-all,Current + Q-allreward,input-matched strong classical,behaviorally strong input-matched control,0.1754714675761384,0.8138722295613998,0.5272848782262652,0.3147589858560718,,,,,,,,,,,,,,,,,,,,NA / not directly tested,NA / not directly tested,NA / not directly tested,NA / not directly tested,NA / not directly tested,NA / not directly tested,NA / not directly tested,,False,False,False,False,False,input-matched control,per-animal/OOF source numerically re-audited,,,,NA / not directly tested
Current+AsymQ,Current + asymmetric Q,input-matched strong classical,behaviorally strong input-matched control,0.174906975989496,0.8154045066466956,0.5246964489396124,0.3169634057121873,,,,,,,,,,,,,,,,,,,,NA / not directly tested,NA / not directly tested,NA / not directly tested,NA / not directly tested,NA / not directly tested,NA / not directly tested,NA / not directly tested,,False,False,False,False,False,input-matched control,per-animal/OOF source numerically re-audited,,,,NA / not directly tested
Current+ForgetQ,Current + forgetting Q,input-matched strong classical,behaviorally strong input-matched control,0.1722169232908317,0.8208554256959741,0.5182658807511658,0.3274684437380047,,,,,,,,,,,,,,,,,,,,NA / not directly tested,NA / not directly tested,NA / not directly tested,NA / not directly tested,NA / not directly tested,NA / not directly tested,NA / not directly tested,,False,False,False,False,False,input-matched control,per-animal/OOF source numerically re-audited,,,,NA / not directly tested
Current+WSLS,Current + WSLS,input-matched strong classical,behaviorally strong input-matched control,0.1859327010999144,0.7903100838457041,0.5547521350744793,0.2739063824781566,,,,,,,,,,,,,,,,,,,,NA / not directly tested,NA / not directly tested,NA / not directly tested,NA / not directly tested,NA / not directly tested,NA / not directly tested,NA / not directly tested,,False,False,False,False,False,input-matched control,per-animal/OOF source numerically re-audited,,,,NA / not directly tested
Current+RW,Current + RW-active,input-matched strong classical,behaviorally strong input-matched control,0.1859365707034337,0.7906468581188293,0.5542669646187345,0.2738912711265703,,,,,,,,,,,,,,,,,,,,NA / not directly tested,NA / not directly tested,NA / not directly tested,NA / not directly tested,NA / not directly tested,NA / not directly tested,NA / not directly tested,,False,False,False,False,False,input-matched control,per-animal/OOF source numerically re-audited,,,,NA / not directly tested
LCNE asym-Q persistent,LCNE asym-Q persistent state,biologically inspired fixed-model baseline,LCNE persistent asymmetric-Q,0.1840817933013988,0.7946065291522143,,0.28113444043231595,,,,,,,,,,0.6444444444444445,0.09765625,9.0,,,,,,,,NA / not directly tested,NA / not directly tested,NA / not directly tested,lc_rpeTR; median gain +0.574%,NA / not directly tested,NA / not directly tested,NA / not directly tested,,False,False,False,True,False,biologically inspired comparator,summary authority cross-checked; original external OOF not yet regenerated,,,,NA / not directly tested
UCL dual controller,UCL dual controller,biologically inspired fixed-model baseline,UCL dual-controller,0.1894231597371093,0.7876841151028403,,0.2602756455303331,,,,,,,,,,0.9555555555555556,0.0078125,9.0,,,,,,,,NA / not directly tested,NA / not directly tested,NA / not directly tested,ucl_rpeTR; median gain +2.043%,NA / not directly tested,NA / not directly tested,NA / not directly tested,,False,False,False,True,False,biologically inspired comparator,summary authority cross-checked; original external OOF not yet regenerated,,,,NA / not directly tested
LCNE asym-Q daily,LCNE asym-Q daily state,biologically inspired fixed-model baseline,LCNE daily-reset asymmetric-Q,0.1908920579312324,0.7784196816462126,,0.25453938936219944,,,,,,,,,,,,,,,,,,,,NA / not directly tested,NA / not directly tested,NA / not directly tested,NA / not directly tested,NA / not directly tested,NA / not directly tested,NA / not directly tested,,False,False,False,False,False,biologically inspired comparator,summary authority cross-checked; original external OOF not yet regenerated,,,,NA / not directly tested
5HT uncertainty state,5HT uncertainty state,biologically inspired fixed-model baseline,5-HT uncertainty-state,0.1930672507689459,0.7731753252389246,,0.24604495225135314,,,,,,,,,,0.6,0.12890625,9.0,,,,,,,,NA / not directly tested,NA / not directly tested,NA / not directly tested,5ht_uncTR; median gain +0.420%,NA / not directly tested,NA / not directly tested,NA / not directly tested,,False,False,False,True,False,biologically inspired comparator,summary authority cross-checked; original external OOF not yet regenerated,,,,NA / not directly tested
5HT uncertainty global,5HT uncertainty global,biologically inspired fixed-model baseline,5-HT global uncertainty,0.1960360084195667,0.766472492137893,,0.23445153178613565,,,,,,,,,,,,,,,,,,,,NA / not directly tested,NA / not directly tested,NA / not directly tested,NA / not directly tested,NA / not directly tested,NA / not directly tested,NA / not directly tested,,False,False,False,False,False,biologically inspired comparator,summary authority cross-checked; original external OOF not yet regenerated,,,,NA / not directly tested
Cell deep-RL shallow,Cell deep-RL shallow hetero,biologically inspired fixed-model baseline,cell-inspired shallow deep-RL,0.2122755272638994,0.7359873985421032,,0.1710339031778182,,,,,,,,,,,,,,,,,,,,NA / not directly tested,NA / not directly tested,NA / not directly tested,NA / not directly tested,NA / not directly tested,NA / not directly tested,NA / not directly tested,,False,False,False,False,False,biologically inspired comparator,summary authority cross-checked; original external OOF not yet regenerated,,,,NA / not directly tested
Cell deep-RL deep,Cell deep-RL deep hetero,biologically inspired fixed-model baseline,cell-inspired deep RL,0.2131341529936383,0.7346684405537451,,0.16768084769852176,,,,,,,,,,,,,,,,,,,,NA / not directly tested,NA / not directly tested,NA / not directly tested,NA / not directly tested,NA / not directly tested,NA / not directly tested,NA / not directly tested,,False,False,False,False,False,biologically inspired comparator,summary authority cross-checked; original external OOF not yet regenerated,,,,NA / not directly tested
UCL RPE-only,UCL RPE-only,biologically inspired fixed-model baseline,UCL RPE-only behavioral adapter,0.2272949148698521,0.7057646584415462,,0.11238106042742613,,,,,,,,,,,,,,,,,,,,NA / not directly tested,NA / not directly tested,NA / not directly tested,NA / not directly tested,NA / not directly tested,NA / not directly tested,NA / not directly tested,,False,False,False,False,False,biologically inspired comparator,summary authority cross-checked; original external OOF not yet regenerated,,,,NA / not directly tested
5HT RPE coordinate,,neural-only alternative coordinate,5-HT-inspired RPE neural alternative,,,,,,,,,,,,,,0.7333333333333333,0.0546875,9.0,,,,,,,,NA / not directly tested,NA / not directly tested,NA / not directly tested,5ht_rpeTR; median gain +1.048%,NA / not directly tested,NA / not directly tested,NA / not directly tested,,False,False,False,True,False,neural-only comparator,no separate behavior row,,,,NA / not directly tested
