comparison,metric,n,wins,mean_improvement,median_improvement,rank_biserial,p_one_sided
observer_vs_prevalence,logloss,40,39,0.07580797430277772,0.0630296393016665,0.9975609756097561,1.8189894035458565e-12
observer_vs_prevalence,brier,40,38,0.018087645916895566,0.01451931762505343,0.948780487804878,4.065441316924989e-10
observer_vs_prevalence,auc_macro,40,40,0.180963753141609,0.1815044839895279,1.0,9.094947017729282e-13
observer_vs_prevalence,auc_observe,40,39,0.11891923293387326,0.1054101456897496,0.9975609756097561,1.8189894035458565e-12
observer_vs_prevalence,auc_feed,40,40,0.32531441556708024,0.3392847138697658,1.0,9.094947017729282e-13
observer_social_vs_observer,logloss,40,23,0.0007586059425172834,0.000462813673540452,0.3073170731707317,0.0459120308241836
observer_social_vs_observer,brier,40,25,0.0004317321353360049,0.0003818203167093026,0.3,0.05001572640048835
observer_social_vs_observer,auc_macro,40,28,0.0010377242282852445,0.0013030244670301783,0.43658536585365854,0.007633419193552982
observer_social_vs_observer,auc_observe,40,26,0.0004556904365288994,0.002103794375152457,0.16585365853658537,0.18410008471528272
observer_social_vs_observer,auc_feed,40,30,0.001336647811101338,0.0017935908011866841,0.4073170731707317,0.01203799053473631
