window_days,credit_definition,credit_food,credit_fear,ape_food,ape_fear,double_mapping,p_exact
2,sep_mean_delta,0.9428571428571427,-0.08571428571428569,-0.08571428571428574,0.9428571428571427,2.057142857142857,0.011957947530864198
2,sep_unr_delta,0.8857142857142857,-0.028571428571428584,-0.08571428571428574,0.9428571428571427,1.9428571428571426,0.014722222222222222
2,sep_pass_delta,0.7714285714285714,-0.48571428571428565,-0.08571428571428574,0.9428571428571427,2.2857142857142856,0.014444444444444444
3,sep_mean_delta,0.9428571428571427,-0.3714285714285714,-0.08571428571428574,0.9428571428571427,2.3428571428571425,0.006188271604938272
3,sep_unr_delta,0.8285714285714284,0.37142857142857144,-0.08571428571428574,0.9428571428571427,1.4857142857142853,0.010864197530864197
3,sep_pass_delta,0.5428571428571428,-0.8285714285714285,-0.08571428571428574,0.9428571428571427,2.4,0.017191358024691357
4,sep_mean_delta,0.7142857142857142,-0.14285714285714285,-0.08571428571428574,0.9428571428571427,1.8857142857142857,0.015092592592592593
4,sep_unr_delta,0.4285714285714285,0.657142857142857,-0.08571428571428574,0.9428571428571427,0.7999999999999999,0.05530092592592593
4,sep_pass_delta,0.48571428571428565,-0.7714285714285714,-0.08571428571428574,0.9428571428571427,2.2857142857142856,0.020763888888888887
