cooldown_sec,metric,n,positive,mean,median,rank_biserial,p,alternative
0,rate_error,27,11,-0.010378074041756098,-0.0020230648944487865,-0.15343915343915343,0.4996110200881958,two-sided
0,gen_delta_w3,24,22,0.04275418435727685,0.03927289309272439,0.92,4.172325134277344e-06,greater
0,gen_delta_w10,25,23,0.03705134418337427,0.032037493790254404,0.9815384615384616,1.4901161193847656e-07,greater
0,gen_delta_w30,25,23,0.03866833164892003,0.0344730836353873,0.9815384615384616,1.4901161193847656e-07,greater
1,rate_error,27,12,-0.010332832757236905,-0.003420641125879592,-0.14285714285714285,0.5303222090005875,two-sided
1,gen_delta_w3,24,20,0.03366079292601242,0.03438451258120265,0.74,0.00042313337326049805,greater
1,gen_delta_w10,25,23,0.03611286280825344,0.036197116825179204,0.92,2.6226043701171875e-06,greater
1,gen_delta_w30,25,23,0.037066916147959574,0.03721199662168263,0.9384615384615385,1.2814998626708984e-06,greater
3,rate_error,27,13,-0.01300292608712064,-0.004937883852559531,-0.1746031746031746,0.44104358553886414,two-sided
3,gen_delta_w3,24,21,0.05176614336830634,0.041692071232389064,0.86,2.664327621459961e-05,greater
3,gen_delta_w10,25,24,0.04323708637429222,0.044285240383347316,0.9753846153846154,2.086162567138672e-07,greater
3,gen_delta_w30,25,24,0.040719318945203274,0.037620627663357435,0.9815384615384616,1.4901161193847656e-07,greater
5,rate_error,27,12,-0.01442378584016957,-0.006253779079709138,-0.20634920634920634,0.3607836216688156,two-sided
5,gen_delta_w3,24,20,0.04158140099887059,0.03723834773619989,0.86,2.664327621459961e-05,greater
5,gen_delta_w10,25,24,0.041838427936035254,0.036435183485789245,0.9753846153846154,2.086162567138672e-07,greater
5,gen_delta_w30,25,24,0.04196835703091329,0.042746772016825654,0.9569230769230769,5.662441253662109e-07,greater
