animal,family,comparison,post06_pct,actionbout_pct
1,actor,q_signed_unsigned,5.01403259636878,3.6856923232582184
3,actor,q_signed_unsigned,4.684455237588518,7.51133607531599
4,actor,q_signed_unsigned,-2.6348561766306027,-2.228846028124275
5,actor,q_signed_unsigned,-1.7006134429755475,0.600407149488858
6,actor,q_signed_unsigned,1.93267597751808,1.2699694355940658
18,actor,q_signed_unsigned,6.271014729311617,4.9410419137512385
19,actor,q_signed_unsigned,-0.054417168069409674,-2.3312154365170588
27,actor,q_signed_unsigned,4.720581703108789,3.2701534941540213
35,actor,q_signed_unsigned,4.931246343803094,1.6379093847658455
1,actor,actor_rpe,6.4649273293874705,2.7389342701998682
3,actor,actor_rpe,0.180406580170781,2.32032853162064
4,actor,actor_rpe,-0.8252155184460268,-0.6900997124417629
5,actor,actor_rpe,2.201522747333171,2.5921832791838466
6,actor,actor_rpe,0.5367454511677617,0.6497860436064731
18,actor,actor_rpe,5.760732157977035,4.276869585656456
19,actor,actor_rpe,-0.48190703873549207,-3.24598285212564
27,actor,actor_rpe,2.4734118495736697,2.245004505013009
35,actor,actor_rpe,3.854164157481319,-0.9561011910226181
1,actor,actor_abs_rpe,5.816374098574556,2.575386763365231
3,actor,actor_abs_rpe,1.4973430834779722,3.544613110489605
4,actor,actor_abs_rpe,-1.9554727738092417,-1.830693266732303
5,actor,actor_abs_rpe,1.7614795430365373,2.2137201605997303
6,actor,actor_abs_rpe,1.0944227002599773,0.6888009099590439
18,actor,actor_abs_rpe,5.964993627899641,4.102457972727709
19,actor,actor_abs_rpe,0.889915217208373,-1.6508499863999628
27,actor,actor_abs_rpe,1.93321587794773,0.39681790717247406
35,actor,actor_abs_rpe,4.3138759683194845,0.2878047379753991
1,actor,actor_rpe_abs,4.652723794214839,3.2826254309823706
3,actor,actor_rpe_abs,0.8498649586121383,3.288170347500675
4,actor,actor_rpe_abs,-2.0183317577236575,-1.7561737368215522
5,actor,actor_rpe_abs,2.32313481233491,2.8610574248091996
6,actor,actor_rpe_abs,0.8311543167996019,0.7314795498561714
18,actor,actor_rpe_abs,7.1475101899716735,5.165773724194444
19,actor,actor_rpe_abs,-0.22714627831059223,-3.561178738912163
27,actor,actor_rpe_abs,2.6722892161364027,1.5706144363431773
35,actor,actor_rpe_abs,4.842224098280343,-0.7477535136208256
1,actor,actor_update_signed_abs,4.000907643623009,2.667563806254013
3,actor,actor_update_signed_abs,1.7315282878496119,3.732609285065427
4,actor,actor_update_signed_abs,-1.8556622844656192,-1.9068673810864791
5,actor,actor_update_signed_abs,2.4041671049362727,2.5614476969677384
6,actor,actor_update_signed_abs,-0.06403971724484984,-0.004709220987692892
18,actor,actor_update_signed_abs,6.56960790175455,4.002636383627117
19,actor,actor_update_signed_abs,0.5775444774820542,-2.0995498685278955
27,actor,actor_update_signed_abs,1.937350481615324,0.25993316321873733
35,actor,actor_update_signed_abs,3.8453048741249938,-0.9170167275402665
1,actor,actor_full,5.161363690037182,3.5697602920102827
3,actor,actor_full,1.2749990652982495,3.7609180248928396
4,actor,actor_full,-2.4126057697001673,-2.2676992144757424
5,actor,actor_full,2.948113051151778,3.2624642297192428
6,actor,actor_full,-0.32931516008370426,0.01394801031630871
18,actor,actor_full,8.240385281567272,5.392322373175054
19,actor,actor_full,-0.5377450268434366,-4.184119588796171
27,actor,actor_full,2.581053522934805,0.96639937652422
35,actor,actor_full,4.689620030705909,-1.8970278630537798
1,passive_credit,update_selected_vs_w0p75,1.0735344509681726,1.058157112746633
3,passive_credit,update_selected_vs_w0p75,2.6465432222432637,3.271979733390474
4,passive_credit,update_selected_vs_w0p75,0.10023397358498867,0.7170307149191358
5,passive_credit,update_selected_vs_w0p75,-0.552239086938999,0.008917941519034345
6,passive_credit,update_selected_vs_w0p75,1.1360032900167587,0.6405661122638627
18,passive_credit,update_selected_vs_w0p75,0.6379222469113253,0.8593550639000914
19,passive_credit,update_selected_vs_w0p75,-0.03371766913769257,0.6847400209491049
27,passive_credit,update_selected_vs_w0p75,2.381825370965784,2.145394373097019
35,passive_credit,update_selected_vs_w0p75,0.9998481069803995,2.0444666293966605
1,passive_credit,update_selected_vs_w1p0,0.8290959453261834,0.724362916609229
3,passive_credit,update_selected_vs_w1p0,2.458110337105771,3.021552017827421
4,passive_credit,update_selected_vs_w1p0,0.48634411259445626,0.9034897291391154
5,passive_credit,update_selected_vs_w1p0,-0.2304673012362068,0.32473543482782896
6,passive_credit,update_selected_vs_w1p0,1.0831630612530458,0.6035779868174983
18,passive_credit,update_selected_vs_w1p0,0.023159400262806596,0.258956329695533
19,passive_credit,update_selected_vs_w1p0,-0.35649786407996753,0.32164283527208154
27,passive_credit,update_selected_vs_w1p0,1.9282982294858662,1.7401975917131702
35,passive_credit,update_selected_vs_w1p0,0.5135422092704568,1.5608296662221415
1,passive_credit,full_selected_vs_w0p75,1.062154504628428,1.0759253954780663
3,passive_credit,full_selected_vs_w0p75,2.5281680059755502,3.1233711391840475
4,passive_credit,full_selected_vs_w0p75,0.026774981789152313,0.6789144924658267
5,passive_credit,full_selected_vs_w0p75,-0.27032431487473707,0.17836633546828937
6,passive_credit,full_selected_vs_w0p75,1.1711464315301157,0.652615479826206
18,passive_credit,full_selected_vs_w0p75,0.6342855597493047,0.8737359976373228
19,passive_credit,full_selected_vs_w0p75,-0.009532567607910186,0.678865292090139
27,passive_credit,full_selected_vs_w0p75,2.2991644441766605,1.7779210519362971
35,passive_credit,full_selected_vs_w0p75,1.090005098312354,2.0373170945413706
1,passive_credit,full_selected_vs_w1p0,0.9062646248119787,0.8464276291340675
3,passive_credit,full_selected_vs_w1p0,2.3859351938998103,2.9597113507529107
4,passive_credit,full_selected_vs_w1p0,0.3515356080151144,0.8453013760576529
5,passive_credit,full_selected_vs_w1p0,-0.8341885935523928,-1.249504091506968
6,passive_credit,full_selected_vs_w1p0,1.1061233452320394,0.586314636398022
18,passive_credit,full_selected_vs_w1p0,0.15065463946347682,0.40346809968349384
19,passive_credit,full_selected_vs_w1p0,-0.252215365057896,0.4421684390845521
27,passive_credit,full_selected_vs_w1p0,2.0896018791057807,2.4000636919742426
35,passive_credit,full_selected_vs_w1p0,0.6794433670014338,1.5155029257738277
