model,panel_group,input_contract,n,brier,auc,logloss,brier_skill_vs_prevalence,auc_centered,logloss_skill_vs_prevalence,main_text_role,model_id,delta_brier_vs_SLM,behavior_relation_to_SLM,canonical_model,source_aliases,behavior_audit_level,model_family
Current nonlinear,A. simple behavioral baselines,current pre-event state / geometry baseline,68624,0.1858119932779824,0.7909328182736702,0.5546832214992884,0.2743777636745319,0.5818656365473405,0.2136671616634267,main comparator,current_nonlinear,0.014987636905296,SLM lower Brier,Current nonlinear,Current nonlinear,per-animal/OOF source numerically re-audited,simple/current baseline
Current linear,A. simple behavioral baselines,current pre-event state / geometry baseline,68624,0.1941914015506427,0.7714288511354026,0.5742687935917954,0.2416549837149222,0.5428577022708052,0.1859021637384509,main comparator,current_linear,0.0233670451779563,SLM lower Brier,Current linear,Current linear,per-animal/OOF source numerically re-audited,simple/current baseline
Previous choice only,A. simple behavioral baselines,minimal behavioral baseline,68624,0.228179582283465,0.6134238296644068,0.649350343703248,0.1089263084722619,0.2268476593288135,0.0794646763266851,main comparator,previous_choice_only,0.0573552259107786,SLM lower Brier,Previous choice only,Previous choice only,per-animal/OOF source numerically re-audited,simple/current baseline
Clock only,A. simple behavioral baselines,minimal behavioral baseline,68624,0.2449239657957313,0.5816579759707613,0.6833474030320791,0.0435371115979518,0.1633159519415226,0.0312695928610662,main comparator,clock_only,0.0740996094230449,SLM lower Brier,Clock only,Clock only,per-animal/OOF source numerically re-audited,simple/current baseline
Constant prevalence,A. simple behavioral baselines,minimal behavioral baseline,68624,0.256072628395361,0.377564769655711,0.705405134386449,0.0,-0.2448704606885779,0.0,main comparator,constant_prevalence,0.0852482720226746,SLM lower Brier,Constant prevalence,Constant prevalence,per-animal/OOF source numerically re-audited,simple/current baseline
Choice kernel / perseveration,B. classical low-dimensional RL,training day + day^2 + session progress + RL latent; no current geometry,68624,0.1901352722735786,0.7813537287026913,0.561294416488696,0.2574947448892468,0.5627074574053825,0.204294965932022,main low-complexity RL baseline,choice_kernel_perseveration,0.0193109159008922,SLM lower Brier,Choice kernel / perseveration,Choice kernel / perseveration,per-animal/OOF source numerically re-audited,restricted classical RL
Q-learning + choice kernel,B. classical low-dimensional RL,training day + day^2 + session progress + RL latent; no current geometry,68624,0.1903982703422062,0.7808220341580371,0.5618853132863824,0.2564677000610837,0.5616440683160742,0.2034572958203629,main low-complexity RL baseline,q_learning_choice_kernel,0.0195739139695197,SLM lower Brier,Q-learning + choice kernel,Q-learning + choice kernel,per-animal/OOF source numerically re-audited,restricted classical RL
Forgetting Q-learning,B. classical low-dimensional RL,training day + day^2 + session progress + RL latent; no current geometry,68624,0.2036863691258056,0.7493939985215448,0.594510610181578,0.2045757861659236,0.4987879970430895,0.1572068571648907,main low-complexity RL baseline,forgetting_q_learning,0.0328620127531192,SLM lower Brier,Forgetting Q-learning,Forgetting Q-learning,per-animal/OOF source numerically re-audited,restricted classical RL
Q-learning (all reward),B. classical low-dimensional RL,training day + day^2 + session progress + RL latent; no current geometry,68624,0.2113652579088277,0.7287054989629613,0.6124299476660607,0.1745886343522343,0.4574109979259226,0.1318039551856349,main low-complexity RL baseline,q_learning_all_reward,0.0405409015361413,SLM lower Brier,Q-learning (all reward),Q-learning (all reward),per-animal/OOF source numerically re-audited,restricted classical RL
Asymmetric Q-learning,B. classical low-dimensional RL,training day + day^2 + session progress + RL latent; no current geometry,68624,0.2128428816927431,0.7224175231110754,0.6143205670706035,0.168818303516117,0.4448350462221508,0.129123765728002,main low-complexity RL baseline,asymmetric_q_learning,0.0420185253200567,SLM lower Brier,Asymmetric Q-learning,Asymmetric Q-learning,per-animal/OOF source numerically re-audited,restricted classical RL
Q-learning (Active reward),B. classical low-dimensional RL,training day + day^2 + session progress + RL latent; no current geometry,68624,0.2175356474828378,0.7100495266140965,0.6260420876529716,0.1504923862968453,0.4200990532281929,0.1125070443419811,main low-complexity RL baseline,q_learning_active_reward,0.0467112911101514,SLM lower Brier,Q-learning (Active reward),Q-learning (Active reward),per-animal/OOF source numerically re-audited,restricted classical RL
Win-stay/lose-shift,B. classical low-dimensional RL,training day + day^2 + session progress + RL latent; no current geometry,68624,0.2379870613943085,0.6213757042792024,0.6689010521574728,0.0706267089707434,0.2427514085584048,0.0517491019692207,main low-complexity RL baseline,win_stay_lose_shift,0.0671627050216221,SLM lower Brier,Win-stay/lose-shift,Win-stay/lose-shift,per-animal/OOF source numerically re-audited,restricted classical RL
Rescorla-Wagner,B. classical low-dimensional RL,training day + day^2 + session progress + RL latent; no current geometry,68624,0.2442634418250208,0.5784264086807765,0.6817541503492351,0.0461165515593783,0.1568528173615531,0.0335282278003054,main low-complexity RL baseline,rescorla_wagner,0.0734390854523344,SLM lower Brier,Rescorla-Wagner,Rescorla-Wagner,per-animal/OOF source numerically re-audited,restricted classical RL
Feature-Q,C. SLM mechanistic components,established current-state behavioral design + one mechanistic latent family,68624,0.1708914134160901,0.8235580162024958,0.5144612793459964,0.3326447481444839,0.6471160324049916,0.2706867950522259,mechanistic ablation/component,feature_q,6.705704340370655e-05,SLM lower Brier,Feature-Q,Feature-Q,per-animal/OOF source numerically re-audited,SLM mechanistic family
Direct policy,C. SLM mechanistic components,established current-state behavioral design + one mechanistic latent family,68624,0.1709936348903188,0.8231906553904562,0.5149791048617893,0.3322455587626697,0.6463813107809124,0.269952712621364,mechanistic ablation/component,direct_policy,0.0001692785176324,SLM lower Brier,Direct policy,Direct policy,per-animal/OOF source numerically re-audited,SLM mechanistic family
Actor-Critic,C. SLM mechanistic components,established current-state behavioral design + one mechanistic latent family,68624,0.1710631794456691,0.8230882937762212,0.515226753122235,0.3319739773922355,0.6461765875524423,0.2696016402398721,mechanistic ablation/component,actor_critic,0.0002388230729827,SLM lower Brier,Actor-Critic,Actor-Critic,per-animal/OOF source numerically re-audited,SLM mechanistic family
Common belief,C. SLM mechanistic components,established current-state behavioral design + one mechanistic latent family,68624,0.1710930152271955,0.823162992555415,0.5150702267616901,0.3318574644259205,0.6463259851108301,0.2698235359320278,mechanistic ablation/component,common_belief,0.0002686588545091,SLM lower Brier,Common belief,Common belief,per-animal/OOF source numerically re-audited,SLM mechanistic family
SLM full,D. integrated Social Learning Model,shared current-state backbone + policy + belief + Q mechanistic coordinates,68624,0.1708243563726864,0.8233201809723663,0.5147330653811479,0.3329066154273088,0.6466403619447325,0.2703015043562801,primary model,slm_full,0.0,equal,SLM full,SLM full | SLM full (policy+belief+Q),per-animal/OOF source numerically re-audited,SLM mechanistic family
Current + Choice-kernel,E. input-matched strong classical controls,same Current nonlinear state backbone + frozen classical history/RL latent,68624,0.1664007482320788,0.8322454119083034,0.5025058054107201,0.3501814337799279,0.6644908238166067,0.2876351745755405,Extended Data strong alternative; mechanistic adjudication,current_choice_kernel,-0.0044236081406076,alternative lower Brier,Current + Choice-kernel,Current + Choice-kernel,per-animal/OOF source numerically re-audited,current-matched strong control
Current + Q + choice kernel,E. input-matched strong classical controls,same Current nonlinear state backbone + frozen classical history/RL latent,68624,0.1666657525796509,0.8315126571860718,0.5032814826467836,0.3491465541474083,0.6630253143721436,0.2865355550827817,Extended Data strong alternative; mechanistic adjudication,current_q_choice_kernel,-0.0041586037930354,alternative lower Brier,Current + Q + choice kernel,Current + Q + choice kernel,per-animal/OOF source numerically re-audited,current-matched strong control
Current + forgetting Q,E. input-matched strong classical controls,same Current nonlinear state backbone + frozen classical history/RL latent,68624,0.1722169232908317,0.8208554256959741,0.5182658807511658,0.3274684437380047,0.6417108513919483,0.265293296735151,Extended Data strong alternative; mechanistic adjudication,current_forgetting_q,0.0013925669181453,SLM lower Brier,Current + forgetting Q,Current + forgetting Q,per-animal/OOF source numerically re-audited,current-matched strong control
Current + asymmetric Q,E. input-matched strong classical controls,same Current nonlinear state backbone + frozen classical history/RL latent,68624,0.174906975989496,0.8154045066466956,0.5246964489396124,0.3169634057121873,0.6308090132933912,0.2561771620843309,Extended Data strong alternative; mechanistic adjudication,current_asymmetric_q,0.0040826196168096,SLM lower Brier,Current + asymmetric Q,Current + asymmetric Q,per-animal/OOF source numerically re-audited,current-matched strong control
Current + Q-allreward,E. input-matched strong classical controls,same Current nonlinear state backbone + frozen classical history/RL latent,68624,0.1754714675761384,0.8138722295613998,0.5272848782262652,0.3147589858560718,0.6277444591227996,0.2525077398467055,Extended Data strong alternative; mechanistic adjudication,current_q_allreward,0.004647111203452,SLM lower Brier,Current + Q-allreward,Current + Q-allreward,per-animal/OOF source numerically re-audited,current-matched strong control
Current + Q-active,E. input-matched strong classical controls,same Current nonlinear state backbone + frozen classical history/RL latent,68624,0.1757499650238004,0.8134176415771516,0.5271517553842143,0.3136714137504269,0.6268352831543031,0.2526964581244179,Extended Data strong alternative; mechanistic adjudication,current_q_active,0.0049256086511139,SLM lower Brier,Current + Q-active,Current + Q-active,per-animal/OOF source numerically re-audited,current-matched strong control
Current + WSLS,E. input-matched strong classical controls,same Current nonlinear state backbone + frozen classical history/RL latent,68624,0.1859327010999144,0.7903100838457041,0.5547521350744793,0.2739063824781566,0.5806201676914082,0.213569468051867,Extended Data strong alternative; mechanistic adjudication,current_wsls,0.0151083447272279,SLM lower Brier,Current + WSLS,Current + WSLS,per-animal/OOF source numerically re-audited,current-matched strong control
Current + RW-active,E. input-matched strong classical controls,same Current nonlinear state backbone + frozen classical history/RL latent,68624,0.1859365707034337,0.7906468581188293,0.5542669646187345,0.2738912711265703,0.5812937162376586,0.2142572578510819,Extended Data strong alternative; mechanistic adjudication,current_rw_active,0.0151122143307473,SLM lower Brier,Current + RW-active,Current + RW-active,per-animal/OOF source numerically re-audited,current-matched strong control
SLM + Choice-kernel stack,F. parsimonious hybrid behavioral head,OOF meta-stack of SLM full and input-matched choice-kernel logits; held-animal meta-CV,68624,0.1654105683946884,0.8340842591927909,0.499881179052502,0.3540482267425151,0.6681685183855819,0.2913559106891229,optional behavioral head; SLM latent branch remains mechanistic authority,slm_choice_kernel_stack,-0.0054137879779979,alternative lower Brier,SLM + Choice-kernel stack,SLM + Choice-kernel stack,per-animal/OOF source numerically re-audited,parsimonious SLM+generic persistence
History MLP + formal-all,G. additional flexible ceilings,same 27 animals; held-animal OOF; rich/flexible history,68624,0.1637221648641617,0.8373648655712769,0.495153369845299,0.3606416824394666,0.6747297311425537,0.2980581715272372,flexible capacity ceiling,history_mlp_formal_all,-0.0071021915085247,alternative lower Brier,History MLP + formal-all,History MLP + formal-all,per-animal/OOF source numerically re-audited,flexible/ablation comparison
Current + full-history MLP,G. additional flexible ceilings,same 27 animals; held-animal OOF; rich/flexible history,68624,0.1647489934332695,0.8351238676584866,0.4981933492322556,0.3566317709719961,0.6702477353169731,0.2937486205489887,flexible capacity ceiling,current_full_history_mlp,-0.0060753629394168,alternative lower Brier,Current + full-history MLP,Current + full-history MLP,per-animal/OOF source numerically re-audited,flexible/ablation comparison
LDN v2,G. additional flexible ceilings,same 27 animals; held-animal OOF; rich/flexible history,68624,0.1679898232259505,0.8291390475358177,0.5064637519499469,0.3439758701324995,0.6582780950716354,0.2820242903527182,flexible capacity ceiling,ldn_v2,-0.0028345331467359,alternative lower Brier,LDN v2,LDN v2,per-animal/OOF source numerically re-audited,flexible/ablation comparison
TinyRNN h3,G. additional flexible ceilings,same 27 animals; held-animal OOF; rich/flexible history,68624,0.1680305110879573,0.8286052040240466,0.5064509719638168,0.3438169782499044,0.6572104080480932,0.2820424075813958,flexible capacity ceiling,tinyrnn_h3,-0.002793845284729,alternative lower Brier,TinyRNN h3,TinyRNN h3,per-animal/OOF source numerically re-audited,flexible/ablation comparison
SLM core + policy + belief,G. additional flexible ceilings,same 27 animals; held-animal OOF; rich/flexible history,68624,0.1708218093857043,0.8233364304042758,0.5147776766840839,0.3329165617733828,0.6466728608085517,0.2702382622550232,flexible capacity ceiling,slm_core_policy_belief,-2.54698698209932e-06,alternative lower Brier,SLM core + policy + belief,SLM core + policy + belief,per-animal/OOF source numerically re-audited,SLM mechanistic family
SLM core + policy + Q,G. additional flexible ceilings,same 27 animals; held-animal OOF; rich/flexible history,68624,0.1710151446825428,0.8230537013749928,0.515094515972735,0.332161559967645,0.6461074027499856,0.2697891029376237,flexible capacity ceiling,slm_core_policy_q,0.0001907883098564,SLM lower Brier,SLM core + policy + Q,SLM core + policy + Q,per-animal/OOF source numerically re-audited,SLM mechanistic family
SLM core + policy,G. additional flexible ceilings,same 27 animals; held-animal OOF; rich/flexible history,68624,0.1710151518536098,0.8230487519285062,0.5150782565421482,0.3321615319636095,0.6460975038570125,0.269812152713978,flexible capacity ceiling,slm_core_policy,0.0001907954809234,SLM lower Brier,SLM core + policy,SLM core + policy,per-animal/OOF source numerically re-audited,SLM mechanistic family
SLM core + belief,G. additional flexible ceilings,same 27 animals; held-animal OOF; rich/flexible history,68624,0.1711276281413945,0.8229255044005304,0.5152133329634527,0.3317222960777222,0.6458510088010607,0.2696206649933478,flexible capacity ceiling,slm_core_belief,0.0003032717687081,SLM lower Brier,SLM core + belief,SLM core + belief,per-animal/OOF source numerically re-audited,SLM mechanistic family
SLM core + Q,G. additional flexible ceilings,same 27 animals; held-animal OOF; rich/flexible history,68624,0.1712016189144161,0.8227774542104141,0.5154672856750886,0.3314333515955054,0.6455549084208283,0.269260655263823,flexible capacity ceiling,slm_core_q,0.0003772625417297,SLM lower Brier,SLM core + Q,SLM core + Q,per-animal/OOF source numerically re-audited,SLM mechanistic family
SLM core,G. additional flexible ceilings,same 27 animals; held-animal OOF; rich/flexible history,68624,0.1712486410014097,0.8227041872231999,0.5155207879789264,0.3312497236642882,0.6454083744463999,0.2691848090568283,flexible capacity ceiling,slm_core,0.0004242846287233,SLM lower Brier,SLM core,SLM core,per-animal/OOF source numerically re-audited,SLM mechanistic family
LCNE asym-Q persistent state,H. biologically inspired fixed-model baselines,external/fixed model zoo; held-animal SOE target; recovered summary authority,68624,0.1840817933013988,0.7946065291522143,,,0.5892130583044286,,secondary biologically motivated comparator,lcne_asym-q_persistent_state,0.0132574369287123,SLM lower Brier,LCNE asym-Q persistent state,LCNE asym-Q persistent state,summary authority cross-checked; original external OOF not yet regenerated,biologically inspired comparator
UCL dual controller,H. biologically inspired fixed-model baselines,external/fixed model zoo; held-animal SOE target; recovered summary authority,68624,0.1894231597371093,0.7876841151028403,,,0.5753682302056806,,secondary biologically motivated comparator,ucl_dual_controller,0.0185988033644229,SLM lower Brier,UCL dual controller,UCL dual controller,summary authority cross-checked; original external OOF not yet regenerated,biologically inspired comparator
LCNE asym-Q daily state,H. biologically inspired fixed-model baselines,external/fixed model zoo; held-animal SOE target; recovered summary authority,68624,0.1908920579312324,0.7784196816462126,,,0.5568393632924251,,secondary biologically motivated comparator,lcne_asym-q_daily_state,0.020067701558546,SLM lower Brier,LCNE asym-Q daily state,LCNE asym-Q daily state,summary authority cross-checked; original external OOF not yet regenerated,biologically inspired comparator
5HT uncertainty state,H. biologically inspired fixed-model baselines,external/fixed model zoo; held-animal SOE target; recovered summary authority,68624,0.1930672507689459,0.7731753252389246,,,0.5463506504778493,,secondary biologically motivated comparator,5ht_uncertainty_state,0.0222428943962595,SLM lower Brier,5HT uncertainty state,5HT uncertainty state,summary authority cross-checked; original external OOF not yet regenerated,biologically inspired comparator
5HT uncertainty global,H. biologically inspired fixed-model baselines,external/fixed model zoo; held-animal SOE target; recovered summary authority,68624,0.1960360084195667,0.766472492137893,,,0.5329449842757861,,secondary biologically motivated comparator,5ht_uncertainty_global,0.0252116520468803,SLM lower Brier,5HT uncertainty global,5HT uncertainty global,summary authority cross-checked; original external OOF not yet regenerated,biologically inspired comparator
Cell deep-RL shallow hetero,H. biologically inspired fixed-model baselines,external/fixed model zoo; held-animal SOE target; recovered summary authority,68624,0.2122755272638994,0.7359873985421032,,,0.4719747970842063,,secondary biologically motivated comparator,cell_deep-rl_shallow_hetero,0.041451170891213,SLM lower Brier,Cell deep-RL shallow hetero,Cell deep-RL shallow hetero,summary authority cross-checked; original external OOF not yet regenerated,biologically inspired comparator
Cell deep-RL deep hetero,H. biologically inspired fixed-model baselines,external/fixed model zoo; held-animal SOE target; recovered summary authority,68624,0.2131341529936383,0.7346684405537451,,,0.4693368811074903,,secondary biologically motivated comparator,cell_deep-rl_deep_hetero,0.0423097966209519,SLM lower Brier,Cell deep-RL deep hetero,Cell deep-RL deep hetero,summary authority cross-checked; original external OOF not yet regenerated,biologically inspired comparator
UCL RPE-only,H. biologically inspired fixed-model baselines,external/fixed model zoo; held-animal SOE target; recovered summary authority,68624,0.2272949148698521,0.7057646584415462,,,0.41152931688309247,,secondary biologically motivated comparator,ucl_rpe-only,0.0564705584971657,SLM lower Brier,UCL RPE-only,UCL RPE-only,summary authority cross-checked; original external OOF not yet regenerated,biologically inspired comparator
