domain,system,finding,model_constraint,source
identity / familiarity,dorsal CA2,"Novel conspecifics occupy a low-dimensional geometry that supports abstraction; familiar littermates expand into higher-dimensional representations, while familiarity itself can be encoded abstractly across identity.",Separate partner identity memory from familiarity state; allow familiarity-dependent representational dimensionality/capacity.,https://www.sciencedirect.com/science/article/pii/S0896627324000473
identity / familiarity,IL->NAcSh prefrontal projection,Projection neurons carry familiar-conspecific information across days and participate in social recognition.,Long-timescale relationship memory should survive across sessions/days and influence value/approach.,https://www.nature.com/articles/s41467-025-64264-7
identity / familiarity,mPFC-Re circuit,mPFC and nucleus reuniens populations represent social stimuli; mPFC coding is stronger and Re perturbation degrades social recognition coding.,"Identity should be a distributed latent with circuit-specific readout, not a single metadata label.",https://www.nature.com/articles/s41467-024-45376-y
identity / familiarity,olfactory cortex + oxytocin,Oxytocin-dependent plasticity separates cortical representations of familiar mice and increases salience of familiar social odor representations.,Sensory social identity encoder should be plastic and neuromodulator-gated; familiarity can increase rather than merely habituate representation.,https://www.nature.com/articles/s41467-024-50113-6
social information memory,COApm cortical amygdala,COApm integrates social and olfactory input and is specifically required for consolidation of socially transmitted food preference.,"Distinguish acquisition, consolidation, storage and retrieval; add delayed memory-consolidation objective for social food information.",https://www.nature.com/articles/s41586-024-07632-5
social prediction error / value,VTA dopamine,VTA DA activity encodes social interaction and social prediction error and supports social reinforcement learning.,Include social reward/prediction-error head but test it against policy/credit alternatives and timing.,https://www.nature.com/articles/s41593-021-00972-9
social motivation,PVN oxytocin -> VTA / VTA outputs,Oxytocin and dopamine interact in social motivation; isolation can increase social craving and VTA-linked social interaction.,Add slow social-need/homeostatic state that gates value and sampling policy.,https://pmc.ncbi.nlm.nih.gov/articles/PMC11912778/
social homeostasis,hypothalamic preoptic nucleus,Distinct populations encode social need and social satiety; rebound scales with isolation duration; touch is a key signal of social context.,Explicit need/satiety latent with accumulation and consummatory reset; tactile contact must be a distinct observation channel.,https://www.nature.com/articles/s41586-025-08617-8
opponent model / rank,cMPOA Esr1 -> VMHvl,Neural activity reflects opponent fighting capability learned from traits/experience and suppresses aggression toward superior opponents.,"Represent partner capability/rank as a learned relational belief, not fixed identity metadata.",https://www.nature.com/articles/s41593-023-01297-5
motivation vs action,VMHvl shell and MPO->VMHvl inhibition,Distinct inhibitory mechanisms gate aggressive motivation versus attack action/endpoints.,Separate latent drive/motivation from emitted action; action decoder should not be the world state itself.,https://www.nature.com/articles/s41593-023-01563-6
experience-dependent social category,VMHvl Esr1,Male/female social ensembles separate with social/sexual experience rather than being fully hardwired.,Social category representation must be learnable and experience-dependent.,https://www.nature.com/articles/nature23885
social-network transformations,MeA -> BNSTpr -> MPOA/VMHvl,Social cue representations are transformed across an extended amygdala-hypothalamic network to organize appetitive-to-consummatory transitions.,"Use hierarchical relational state transitions, not a flat behavior label space.",https://www.nature.com/articles/s41586-022-05057-6
persistent social/reproductive state,female VMHvl,Low-dimensional line-attractor-like dynamics track mating state across tens of seconds.,Include continuous persistent latent dynamics in addition to discrete motifs/events.,https://www.nature.com/articles/s41586-024-07916-w
social sensory specialization,medial amygdala lineages,MeA Foxp2 cells specialize for male cues/aggression whereas Dbx1-lineage cells respond broadly and strongly during ejaculation.,Factor sensory identity/content channels from action state and allow cell-type-specific readouts.,https://www.nature.com/articles/s41593-023-01475-5
communication,ultrasonic vocalization,USVs carry information sufficient for automated prediction of social behavior in paired mice.,Add synchronized audio token stream and cross-modal prediction between vocalization and pose/action.,https://www.nature.com/articles/s41598-026-59401-1
social conflict / sex,PVN oxytocin -> VTA,PVN oxytocin circuits regulate dyadic/intragroup aggression and dominance in a sex-dependent manner in wild mice.,Sex and group context should gate intervention effects; include group-level state/personality/rank variables.,https://www.nature.com/articles/s41593-024-01685-5
