cohort,readout,metric,comparison,n,mean_early,mean_late,change,n_increase,exact_two_sided_p,n_shuffles_field
NAc_5,Active/SRI,FeedOB_ratio_index,D1_3_to_D12_14,5,1.2260860769332038,1.5999304736807112,0.3738443967475075,3,0.625,100
NAc_5,Active/SRI,FeedOB_ratio_index,D1_3_to_D15_20,5,1.2260860769332038,2.116003507618781,0.8899174306855775,4,0.125,100
VTA_305,Active/SRI,FeedOB_ratio_index,D1_3_to_D12_14,1,0.6230295943875002,1.1929966123154696,0.5699670179279694,1,1.0,100
VTA_305,Active/SRI,FeedOB_ratio_index,D1_3_to_D15_20,1,0.6230295943875002,1.448776316319046,0.8257467219315457,1,1.0,100
NAc_5,Active/SRI,FeedOB_ratio_days,D1_3_to_D12_14,5,20.0396955511127,20.901605810123407,0.8619102590107086,3,0.6875,100
NAc_5,Active/SRI,FeedOB_ratio_days,D1_3_to_D15_20,5,20.0396955511127,20.80577142884041,0.7660758777277057,4,0.625,100
VTA_305,Active/SRI,FeedOB_ratio_days,D1_3_to_D12_14,1,12.968900345949526,17.591760015398386,4.622859669448859,1,1.0,100
VTA_305,Active/SRI,FeedOB_ratio_days,D1_3_to_D15_20,1,12.968900345949526,15.889915570754903,2.9210152248053767,1,1.0,100
NAc_5,Passive/PRI,FeedOB_ratio_index,D1_3_to_D12_14,5,0.4970246387346407,-0.3723220146057955,-0.8693466533404361,0,0.0625,100
NAc_5,Passive/PRI,FeedOB_ratio_index,D1_3_to_D15_20,5,0.4970246387346407,-0.4127532905623508,-0.9097779292969916,1,0.125,100
VTA_305,Passive/PRI,FeedOB_ratio_index,D1_3_to_D12_14,1,-1.1061673192189503,-1.1840762901647652,-0.07790897094581495,0,1.0,100
VTA_305,Passive/PRI,FeedOB_ratio_index,D1_3_to_D15_20,1,-1.1061673192189503,-1.2867551469622527,-0.1805878277433024,0,1.0,100
NAc_5,Passive/PRI,FeedOB_ratio_days,D1_3_to_D12_14,5,11.886572990125433,9.07737049761315,-2.809202492512281,2,0.5,100
NAc_5,Passive/PRI,FeedOB_ratio_days,D1_3_to_D15_20,5,11.886572990125433,11.369305352204853,-0.5172676379205801,2,0.8125,100
VTA_305,Passive/PRI,FeedOB_ratio_days,D1_3_to_D12_14,1,9.451090434696992,9.078074392825101,-0.37301604187189064,0,1.0,100
VTA_305,Passive/PRI,FeedOB_ratio_days,D1_3_to_D15_20,1,9.451090434696992,8.739108373484779,-0.711982061212213,0,1.0,100
