window,metric,n,n_positive,mean_delta,original_directional_one_sided_exact_p,independent_two_sided_exact_p
age_le_3s,feed_rate_delta,26,17,0.07540678093746689,0.03773978352546692,0.07547956705093384
age_le_3s,residual_delta,26,17,0.060944652963970114,0.04451450705528259,0.08902901411056519
age_le_10s,feed_rate_delta,26,15,0.04757077131715247,0.09067721664905548,0.18135443329811096
age_le_10s,residual_delta,26,14,0.02771922549175821,0.23388782143592834,0.4677756428718567
age_le_30s,feed_rate_delta,26,16,0.046734335927268784,0.07495449483394623,0.14990898966789246
age_le_30s,residual_delta,26,14,0.026794820032695153,0.31742480397224426,0.6348496079444885
age_le_60s,feed_rate_delta,26,18,0.03519461543932059,0.04451450705528259,0.08902901411056519
age_le_60s,residual_delta,26,14,0.02003305667942849,0.24167577922344208,0.48335155844688416
all_age,feed_rate_delta,26,15,0.02363396941193396,0.09936809539794922,0.19873619079589844
all_age,residual_delta,26,16,0.014003077204271307,0.1184750348329544,0.2369500696659088
