animal,mean_gain,n_decisions,subset
Chemo:ANM109,0.11787160558723177,31,feed_after_demfeed
Chemo:ANM4,0.24375045073764728,4,feed_after_demfeed
Chemo:ANM48,0.20304509336448767,4,feed_after_demfeed
Chemo:ANM5,0.16692985921140688,112,feed_after_demfeed
Chemo:ANM6,0.14825139421815722,148,feed_after_demfeed
Chemo:ANM97,0.1405730972313201,44,feed_after_demfeed
Jaws:ANM112,0.1612431801966396,94,feed_after_demfeed
SF_Gcamp_DTFL:ANM1,0.18083438124468793,355,feed_after_demfeed
SF_Gcamp_DTFL:ANM3,0.12991576166327237,60,feed_after_demfeed
SF_Gcamp_DTFL:ANM35,0.14558166972127887,38,feed_after_demfeed
SocialFeedig_OXT:ANM118,0.1346032610521143,77,feed_after_demfeed
SocialFeedig_OXT:ANM119,0.14738330054184234,192,feed_after_demfeed
SocialFeedig_OXT:ANM121,0.1465655754171307,75,feed_after_demfeed
SocialFeedig_OXT:ANM126,0.16135269579115571,160,feed_after_demfeed
SocialFeeding_DMS:ANM138,0.18657618763912304,5,feed_after_demfeed
SocialFeeding_DMS:ANM139,0.22506562933345503,52,feed_after_demfeed
SocialFeeding_DMS:ANM141,0.1416963615122108,6,feed_after_demfeed
SocialFeeding_DMS_3:ANM133,0.18353923434463648,1,feed_after_demfeed
SocialFeeding_DMS_3:ANM141,0.13911179931125234,155,feed_after_demfeed
SocialFeeding_DMS_3:ANM146,0.1531776423289963,40,feed_after_demfeed
SocialFeeding_DMS_3:ANM147,0.11926887749818606,13,feed_after_demfeed
SocialFeeding_JAWS_VTAcopy:ANM276,0.19397608835670876,135,feed_after_demfeed
SocialFeeding_JAWS_VTAcopy:ANM281,0.21158002822775843,17,feed_after_demfeed
SocialFeeding_JAWS_VTAcopy:ANM282,0.09968502658520843,59,feed_after_demfeed
SocialFeeding_JAWS_VTAcopy:ANM293,0.11490799678460291,66,feed_after_demfeed
SocialFeeding_JAWS_VTAcopy:ANM296,0.16290117944380797,155,feed_after_demfeed
Chemo:ANM109,-0.05538965766644644,185,feed_after_no_demfeed
Chemo:ANM4,-0.045152913408601204,93,feed_after_no_demfeed
Chemo:ANM48,-0.04668546219243024,22,feed_after_no_demfeed
Chemo:ANM5,-0.0697931390919911,211,feed_after_no_demfeed
Chemo:ANM6,-0.06921330913533079,249,feed_after_no_demfeed
Chemo:ANM97,-0.062471062794284674,172,feed_after_no_demfeed
Jaws:ANM112,-0.07189252787065929,188,feed_after_no_demfeed
SF_Gcamp_DTFL:ANM1,-0.05607812176696055,441,feed_after_no_demfeed
SF_Gcamp_DTFL:ANM3,-0.07727398792961616,191,feed_after_no_demfeed
SF_Gcamp_DTFL:ANM35,-0.03387599648179136,296,feed_after_no_demfeed
SocialFeedig_OXT:ANM118,-0.054419169742384116,220,feed_after_no_demfeed
SocialFeedig_OXT:ANM119,-0.05556706242012249,201,feed_after_no_demfeed
SocialFeedig_OXT:ANM121,-0.04490630445417288,106,feed_after_no_demfeed
SocialFeedig_OXT:ANM126,-0.05305583143963324,79,feed_after_no_demfeed
SocialFeeding_DMS:ANM138,-0.03666386081937507,307,feed_after_no_demfeed
SocialFeeding_DMS:ANM139,-0.04412205277862857,573,feed_after_no_demfeed
SocialFeeding_DMS:ANM141,-0.03195457803795659,187,feed_after_no_demfeed
SocialFeeding_DMS_3:ANM133,-0.04755872555893859,216,feed_after_no_demfeed
SocialFeeding_DMS_3:ANM134,-0.029585402866281196,48,feed_after_no_demfeed
SocialFeeding_DMS_3:ANM141,-0.0551821345027575,175,feed_after_no_demfeed
SocialFeeding_DMS_3:ANM146,-0.0444251976773502,48,feed_after_no_demfeed
SocialFeeding_DMS_3:ANM147,-0.05370848093498344,300,feed_after_no_demfeed
SocialFeeding_JAWS_VTAcopy:ANM276,-0.06433310683292523,222,feed_after_no_demfeed
SocialFeeding_JAWS_VTAcopy:ANM281,-0.043680307047505695,219,feed_after_no_demfeed
SocialFeeding_JAWS_VTAcopy:ANM282,-0.034705539329627055,438,feed_after_no_demfeed
SocialFeeding_JAWS_VTAcopy:ANM293,-0.03371767854620574,302,feed_after_no_demfeed
SocialFeeding_JAWS_VTAcopy:ANM296,-0.04652543584178893,250,feed_after_no_demfeed
Chemo:ANM109,-0.016825600382756243,529,nonfeed_after_demfeed
Chemo:ANM4,-0.013346288790976806,391,nonfeed_after_demfeed
Chemo:ANM48,-0.009411664093182724,857,nonfeed_after_demfeed
Chemo:ANM5,-0.011681153633997342,1177,nonfeed_after_demfeed
Chemo:ANM6,-0.01301743703253155,978,nonfeed_after_demfeed
Chemo:ANM97,-0.007420550348305982,810,nonfeed_after_demfeed
Jaws:ANM112,-0.010041197026352183,1429,nonfeed_after_demfeed
SF_Gcamp_DTFL:ANM1,-0.022832532307938223,1489,nonfeed_after_demfeed
SF_Gcamp_DTFL:ANM3,-0.010461650691087595,377,nonfeed_after_demfeed
SF_Gcamp_DTFL:ANM35,-0.023694291284138146,521,nonfeed_after_demfeed
SocialFeedig_OXT:ANM118,-0.015777692352768064,467,nonfeed_after_demfeed
SocialFeedig_OXT:ANM119,-0.015758384877582743,906,nonfeed_after_demfeed
SocialFeedig_OXT:ANM121,-0.011865710253437646,1358,nonfeed_after_demfeed
SocialFeedig_OXT:ANM126,-0.01918765817687256,721,nonfeed_after_demfeed
SocialFeeding_DMS:ANM138,-0.02228355017335819,139,nonfeed_after_demfeed
SocialFeeding_DMS:ANM139,-0.04635706091194553,257,nonfeed_after_demfeed
SocialFeeding_DMS:ANM141,-0.016885106459159135,57,nonfeed_after_demfeed
SocialFeeding_DMS_3:ANM133,-0.0043212682183138415,201,nonfeed_after_demfeed
SocialFeeding_DMS_3:ANM141,-0.029930628434983553,253,nonfeed_after_demfeed
SocialFeeding_DMS_3:ANM146,-0.02517378926780602,2725,nonfeed_after_demfeed
SocialFeeding_DMS_3:ANM147,-0.007870700674083823,836,nonfeed_after_demfeed
SocialFeeding_JAWS_VTAcopy:ANM276,-0.033834573142309504,597,nonfeed_after_demfeed
SocialFeeding_JAWS_VTAcopy:ANM281,-0.03750916380583757,68,nonfeed_after_demfeed
SocialFeeding_JAWS_VTAcopy:ANM282,-0.01346995680187668,108,nonfeed_after_demfeed
SocialFeeding_JAWS_VTAcopy:ANM293,-0.01056486462013038,1266,nonfeed_after_demfeed
SocialFeeding_JAWS_VTAcopy:ANM296,-0.028756763904026497,524,nonfeed_after_demfeed
