animal,source_day,readout,metric,value,cohort,source_batch,stimulation_state
173,1,Active/SRI,FeedOB_ratio_index,1.4665623986497054,NAc_provisional,D1_22_reconstruction,NOT_HARDWARE_VERIFIED
173,2,Active/SRI,FeedOB_ratio_index,-0.01677587229522648,NAc_provisional,D1_22_reconstruction,NOT_HARDWARE_VERIFIED
173,3,Active/SRI,FeedOB_ratio_index,-0.37800238261754115,NAc_provisional,D1_22_reconstruction,NOT_HARDWARE_VERIFIED
173,4,Active/SRI,FeedOB_ratio_index,1.3816331251331084,NAc_provisional,D1_22_reconstruction,NOT_HARDWARE_VERIFIED
173,5,Active/SRI,FeedOB_ratio_index,-0.8384500295848604,NAc_provisional,D1_22_reconstruction,NOT_HARDWARE_VERIFIED
173,6,Active/SRI,FeedOB_ratio_index,-0.9591897078101922,NAc_provisional,D1_22_reconstruction,NOT_HARDWARE_VERIFIED
173,7,Active/SRI,FeedOB_ratio_index,-1.2913096241088917,NAc_provisional,D1_22_reconstruction,NOT_HARDWARE_VERIFIED
173,8,Active/SRI,FeedOB_ratio_index,-0.470922364531167,NAc_provisional,D1_22_reconstruction,NOT_HARDWARE_VERIFIED
173,9,Active/SRI,FeedOB_ratio_index,1.2237109068470557,NAc_provisional,D1_22_reconstruction,NOT_HARDWARE_VERIFIED
173,10,Active/SRI,FeedOB_ratio_index,-1.3165303944973163,NAc_provisional,D1_22_reconstruction,NOT_HARDWARE_VERIFIED
173,11,Active/SRI,FeedOB_ratio_index,0.9551677777069812,NAc_provisional,D1_22_reconstruction,NOT_HARDWARE_VERIFIED
173,12,Active/SRI,FeedOB_ratio_index,-1.6398372628365177,NAc_provisional,D1_22_reconstruction,NOT_HARDWARE_VERIFIED
173,13,Active/SRI,FeedOB_ratio_index,-0.5210811025334173,NAc_provisional,D1_22_reconstruction,NOT_HARDWARE_VERIFIED
173,14,Active/SRI,FeedOB_ratio_index,1.4790250315486284,NAc_provisional,D1_22_reconstruction,NOT_HARDWARE_VERIFIED
173,15,Active/SRI,FeedOB_ratio_index,0.40845785395966344,NAc_provisional,D1_22_reconstruction,NOT_HARDWARE_VERIFIED
173,16,Active/SRI,FeedOB_ratio_index,-1.713216312132998,NAc_provisional,D1_22_reconstruction,NOT_HARDWARE_VERIFIED
173,17,Active/SRI,FeedOB_ratio_index,1.8501241528731214,NAc_provisional,D1_22_reconstruction,NOT_HARDWARE_VERIFIED
173,18,Active/SRI,FeedOB_ratio_index,1.0556613790150347,NAc_provisional,D1_22_reconstruction,NOT_HARDWARE_VERIFIED
173,19,Active/SRI,FeedOB_ratio_index,-1.1661398822786098,NAc_provisional,D1_22_reconstruction,NOT_HARDWARE_VERIFIED
173,20,Active/SRI,FeedOB_ratio_index,1.5497756325604666,NAc_provisional,D1_22_reconstruction,NOT_HARDWARE_VERIFIED
173,21,Active/SRI,FeedOB_ratio_index,0.9967578787862826,NAc_provisional,D1_22_reconstruction,NOT_HARDWARE_VERIFIED
173,22,Active/SRI,FeedOB_ratio_index,0.5943048493474634,NAc_provisional,D1_22_reconstruction,NOT_HARDWARE_VERIFIED
174,1,Active/SRI,FeedOB_ratio_index,1.8455292997793378,NAc_provisional,D1_22_reconstruction,NOT_HARDWARE_VERIFIED
174,2,Active/SRI,FeedOB_ratio_index,5.344128405486655,NAc_provisional,D1_22_reconstruction,NOT_HARDWARE_VERIFIED
174,3,Active/SRI,FeedOB_ratio_index,1.6443903333069168,NAc_provisional,D1_22_reconstruction,NOT_HARDWARE_VERIFIED
174,4,Active/SRI,FeedOB_ratio_index,2.2776719439114235,NAc_provisional,D1_22_reconstruction,NOT_HARDWARE_VERIFIED
174,5,Active/SRI,FeedOB_ratio_index,4.088230750674117,NAc_provisional,D1_22_reconstruction,NOT_HARDWARE_VERIFIED
174,6,Active/SRI,FeedOB_ratio_index,5.976952736896276,NAc_provisional,D1_22_reconstruction,NOT_HARDWARE_VERIFIED
174,7,Active/SRI,FeedOB_ratio_index,4.857017039363668,NAc_provisional,D1_22_reconstruction,NOT_HARDWARE_VERIFIED
174,8,Active/SRI,FeedOB_ratio_index,1.1690440298982185,NAc_provisional,D1_22_reconstruction,NOT_HARDWARE_VERIFIED
174,9,Active/SRI,FeedOB_ratio_index,4.830517009767475,NAc_provisional,D1_22_reconstruction,NOT_HARDWARE_VERIFIED
174,10,Active/SRI,FeedOB_ratio_index,0.9696133811777594,NAc_provisional,D1_22_reconstruction,NOT_HARDWARE_VERIFIED
174,11,Active/SRI,FeedOB_ratio_index,0.9163437476593286,NAc_provisional,D1_22_reconstruction,NOT_HARDWARE_VERIFIED
174,12,Active/SRI,FeedOB_ratio_index,1.7443120802858278,NAc_provisional,D1_22_reconstruction,NOT_HARDWARE_VERIFIED
174,13,Active/SRI,FeedOB_ratio_index,2.09294158455842,NAc_provisional,D1_22_reconstruction,NOT_HARDWARE_VERIFIED
174,14,Active/SRI,FeedOB_ratio_index,-0.7916912351993965,NAc_provisional,D1_22_reconstruction,NOT_HARDWARE_VERIFIED
174,15,Active/SRI,FeedOB_ratio_index,3.1412286651848307,NAc_provisional,D1_22_reconstruction,NOT_HARDWARE_VERIFIED
174,16,Active/SRI,FeedOB_ratio_index,6.051709403572465,NAc_provisional,D1_22_reconstruction,NOT_HARDWARE_VERIFIED
174,17,Active/SRI,FeedOB_ratio_index,4.976925178006894,NAc_provisional,D1_22_reconstruction,NOT_HARDWARE_VERIFIED
174,18,Active/SRI,FeedOB_ratio_index,4.657931957329898,NAc_provisional,D1_22_reconstruction,NOT_HARDWARE_VERIFIED
174,19,Active/SRI,FeedOB_ratio_index,2.4270685836028125,NAc_provisional,D1_22_reconstruction,NOT_HARDWARE_VERIFIED
174,20,Active/SRI,FeedOB_ratio_index,5.8038225151847165,NAc_provisional,D1_22_reconstruction,NOT_HARDWARE_VERIFIED
174,21,Active/SRI,FeedOB_ratio_index,5.027990906543941,NAc_provisional,D1_22_reconstruction,NOT_HARDWARE_VERIFIED
174,22,Active/SRI,FeedOB_ratio_index,2.191031450909684,NAc_provisional,D1_22_reconstruction,NOT_HARDWARE_VERIFIED
179,1,Active/SRI,FeedOB_ratio_index,0.10134876953918544,NAc_provisional,D1_22_reconstruction,NOT_HARDWARE_VERIFIED
179,2,Active/SRI,FeedOB_ratio_index,-1.5578266910808027,NAc_provisional,D1_22_reconstruction,NOT_HARDWARE_VERIFIED
179,3,Active/SRI,FeedOB_ratio_index,-1.1578972805447965,NAc_provisional,D1_22_reconstruction,NOT_HARDWARE_VERIFIED
179,4,Active/SRI,FeedOB_ratio_index,-0.038297084310254005,NAc_provisional,D1_22_reconstruction,NOT_HARDWARE_VERIFIED
179,5,Active/SRI,FeedOB_ratio_index,0.2827326269726912,NAc_provisional,D1_22_reconstruction,NOT_HARDWARE_VERIFIED
179,6,Active/SRI,FeedOB_ratio_index,-0.29471138562073546,NAc_provisional,D1_22_reconstruction,NOT_HARDWARE_VERIFIED
179,7,Active/SRI,FeedOB_ratio_index,0.811835646352639,NAc_provisional,D1_22_reconstruction,NOT_HARDWARE_VERIFIED
179,8,Active/SRI,FeedOB_ratio_index,-0.25301233409679247,NAc_provisional,D1_22_reconstruction,NOT_HARDWARE_VERIFIED
179,9,Active/SRI,FeedOB_ratio_index,-0.3025938416894468,NAc_provisional,D1_22_reconstruction,NOT_HARDWARE_VERIFIED
179,10,Active/SRI,FeedOB_ratio_index,0.4045337328129839,NAc_provisional,D1_22_reconstruction,NOT_HARDWARE_VERIFIED
179,11,Active/SRI,FeedOB_ratio_index,2.4702485899022757,NAc_provisional,D1_22_reconstruction,NOT_HARDWARE_VERIFIED
179,12,Active/SRI,FeedOB_ratio_index,1.091624115651544,NAc_provisional,D1_22_reconstruction,NOT_HARDWARE_VERIFIED
179,13,Active/SRI,FeedOB_ratio_index,0.4970337150166129,NAc_provisional,D1_22_reconstruction,NOT_HARDWARE_VERIFIED
179,14,Active/SRI,FeedOB_ratio_index,0.776474595384004,NAc_provisional,D1_22_reconstruction,NOT_HARDWARE_VERIFIED
179,15,Active/SRI,FeedOB_ratio_index,0.5745889394313303,NAc_provisional,D1_22_reconstruction,NOT_HARDWARE_VERIFIED
179,16,Active/SRI,FeedOB_ratio_index,0.8406838082371612,NAc_provisional,D1_22_reconstruction,NOT_HARDWARE_VERIFIED
179,17,Active/SRI,FeedOB_ratio_index,0.6798610259052688,NAc_provisional,D1_22_reconstruction,NOT_HARDWARE_VERIFIED
179,18,Active/SRI,FeedOB_ratio_index,0.06696649854801599,NAc_provisional,D1_22_reconstruction,NOT_HARDWARE_VERIFIED
179,19,Active/SRI,FeedOB_ratio_index,-1.8617606491688143,NAc_provisional,D1_22_reconstruction,NOT_HARDWARE_VERIFIED
179,20,Active/SRI,FeedOB_ratio_index,-0.6265069937485609,NAc_provisional,D1_22_reconstruction,NOT_HARDWARE_VERIFIED
179,21,Active/SRI,FeedOB_ratio_index,0.253903643597576,NAc_provisional,D1_22_reconstruction,NOT_HARDWARE_VERIFIED
179,22,Active/SRI,FeedOB_ratio_index,2.1396344608198317,NAc_provisional,D1_22_reconstruction,NOT_HARDWARE_VERIFIED
180,1,Active/SRI,FeedOB_ratio_index,-0.10046702601327007,NAc_provisional,D1_22_reconstruction,NOT_HARDWARE_VERIFIED
180,2,Active/SRI,FeedOB_ratio_index,-0.4432820391468445,NAc_provisional,D1_22_reconstruction,NOT_HARDWARE_VERIFIED
180,3,Active/SRI,FeedOB_ratio_index,1.5617701405796642,NAc_provisional,D1_22_reconstruction,NOT_HARDWARE_VERIFIED
180,4,Active/SRI,FeedOB_ratio_index,3.122239604544627,NAc_provisional,D1_22_reconstruction,NOT_HARDWARE_VERIFIED
180,5,Active/SRI,FeedOB_ratio_index,2.336567372385828,NAc_provisional,D1_22_reconstruction,NOT_HARDWARE_VERIFIED
180,6,Active/SRI,FeedOB_ratio_index,2.6491480151842306,NAc_provisional,D1_22_reconstruction,NOT_HARDWARE_VERIFIED
180,7,Active/SRI,FeedOB_ratio_index,2.4018122735031744,NAc_provisional,D1_22_reconstruction,NOT_HARDWARE_VERIFIED
180,8,Active/SRI,FeedOB_ratio_index,4.377621199827878,NAc_provisional,D1_22_reconstruction,NOT_HARDWARE_VERIFIED
180,9,Active/SRI,FeedOB_ratio_index,3.3676659078603017,NAc_provisional,D1_22_reconstruction,NOT_HARDWARE_VERIFIED
180,10,Active/SRI,FeedOB_ratio_index,1.1389390916854552,NAc_provisional,D1_22_reconstruction,NOT_HARDWARE_VERIFIED
180,11,Active/SRI,FeedOB_ratio_index,1.8314201133276045,NAc_provisional,D1_22_reconstruction,NOT_HARDWARE_VERIFIED
180,12,Active/SRI,FeedOB_ratio_index,3.848447172160578,NAc_provisional,D1_22_reconstruction,NOT_HARDWARE_VERIFIED
180,13,Active/SRI,FeedOB_ratio_index,1.956396010057081,NAc_provisional,D1_22_reconstruction,NOT_HARDWARE_VERIFIED
180,14,Active/SRI,FeedOB_ratio_index,-0.7595398122496624,NAc_provisional,D1_22_reconstruction,NOT_HARDWARE_VERIFIED
180,15,Active/SRI,FeedOB_ratio_index,4.0284897651044895,NAc_provisional,D1_22_reconstruction,NOT_HARDWARE_VERIFIED
180,16,Active/SRI,FeedOB_ratio_index,1.2888468887014595,NAc_provisional,D1_22_reconstruction,NOT_HARDWARE_VERIFIED
180,17,Active/SRI,FeedOB_ratio_index,1.609934548133371,NAc_provisional,D1_22_reconstruction,NOT_HARDWARE_VERIFIED
180,18,Active/SRI,FeedOB_ratio_index,1.0435949076968558,NAc_provisional,D1_22_reconstruction,NOT_HARDWARE_VERIFIED
180,19,Active/SRI,FeedOB_ratio_index,2.302071894651467,NAc_provisional,D1_22_reconstruction,NOT_HARDWARE_VERIFIED
180,20,Active/SRI,FeedOB_ratio_index,3.902457622022214,NAc_provisional,D1_22_reconstruction,NOT_HARDWARE_VERIFIED
180,21,Active/SRI,FeedOB_ratio_index,2.7932745400665135,NAc_provisional,D1_22_reconstruction,NOT_HARDWARE_VERIFIED
180,22,Active/SRI,FeedOB_ratio_index,1.2151700535385541,NAc_provisional,D1_22_reconstruction,NOT_HARDWARE_VERIFIED
184,1,Active/SRI,FeedOB_ratio_index,-0.30691069508455004,NAc_provisional,D1_22_reconstruction,NOT_HARDWARE_VERIFIED
184,2,Active/SRI,FeedOB_ratio_index,5.369024014687725,NAc_provisional,D1_22_reconstruction,NOT_HARDWARE_VERIFIED
184,3,Active/SRI,FeedOB_ratio_index,5.019699778751894,NAc_provisional,D1_22_reconstruction,NOT_HARDWARE_VERIFIED
184,4,Active/SRI,FeedOB_ratio_index,5.738367077944944,NAc_provisional,D1_22_reconstruction,NOT_HARDWARE_VERIFIED
184,5,Active/SRI,FeedOB_ratio_index,2.9037583788664842,NAc_provisional,D1_22_reconstruction,NOT_HARDWARE_VERIFIED
184,6,Active/SRI,FeedOB_ratio_index,1.854067713790745,NAc_provisional,D1_22_reconstruction,NOT_HARDWARE_VERIFIED
184,7,Active/SRI,FeedOB_ratio_index,2.8125429952599816,NAc_provisional,D1_22_reconstruction,NOT_HARDWARE_VERIFIED
184,8,Active/SRI,FeedOB_ratio_index,2.6210410646980855,NAc_provisional,D1_22_reconstruction,NOT_HARDWARE_VERIFIED
184,9,Active/SRI,FeedOB_ratio_index,1.8432394151696492,NAc_provisional,D1_22_reconstruction,NOT_HARDWARE_VERIFIED
184,10,Active/SRI,FeedOB_ratio_index,-0.7559646613294569,NAc_provisional,D1_22_reconstruction,NOT_HARDWARE_VERIFIED
184,11,Active/SRI,FeedOB_ratio_index,2.3409846656953865,NAc_provisional,D1_22_reconstruction,NOT_HARDWARE_VERIFIED
184,12,Active/SRI,FeedOB_ratio_index,3.2610996982352534,NAc_provisional,D1_22_reconstruction,NOT_HARDWARE_VERIFIED
184,13,Active/SRI,FeedOB_ratio_index,4.601192087048091,NAc_provisional,D1_22_reconstruction,NOT_HARDWARE_VERIFIED
184,14,Active/SRI,FeedOB_ratio_index,6.362560428083622,NAc_provisional,D1_22_reconstruction,NOT_HARDWARE_VERIFIED
184,15,Active/SRI,FeedOB_ratio_index,3.0870825612797437,NAc_provisional,D1_22_reconstruction,NOT_HARDWARE_VERIFIED
184,16,Active/SRI,FeedOB_ratio_index,4.719407745206447,NAc_provisional,D1_22_reconstruction,NOT_HARDWARE_VERIFIED
184,17,Active/SRI,FeedOB_ratio_index,2.8819289015699168,NAc_provisional,D1_22_reconstruction,NOT_HARDWARE_VERIFIED
184,18,Active/SRI,FeedOB_ratio_index,3.9661599650602475,NAc_provisional,D1_22_reconstruction,NOT_HARDWARE_VERIFIED
184,19,Active/SRI,FeedOB_ratio_index,3.640535370431126,NAc_provisional,D1_22_reconstruction,NOT_HARDWARE_VERIFIED
184,20,Active/SRI,FeedOB_ratio_index,2.292413302623402,NAc_provisional,D1_22_reconstruction,NOT_HARDWARE_VERIFIED
184,21,Active/SRI,FeedOB_ratio_index,4.101018524851658,NAc_provisional,D1_22_reconstruction,NOT_HARDWARE_VERIFIED
184,22,Active/SRI,FeedOB_ratio_index,-0.7677834105467555,NAc_provisional,D1_22_reconstruction,NOT_HARDWARE_VERIFIED
305,1,Active/SRI,FeedOB_ratio_index,1.7776298587752966,VTA_JAWS_separate,D1_22_reconstruction,NOT_HARDWARE_VERIFIED
305,2,Active/SRI,FeedOB_ratio_index,0.723775968972334,VTA_JAWS_separate,D1_22_reconstruction,NOT_HARDWARE_VERIFIED
305,3,Active/SRI,FeedOB_ratio_index,-0.63231704458513,VTA_JAWS_separate,D1_22_reconstruction,NOT_HARDWARE_VERIFIED
305,4,Active/SRI,FeedOB_ratio_index,1.4225806451612903,VTA_JAWS_separate,D1_22_reconstruction,NOT_HARDWARE_VERIFIED
305,5,Active/SRI,FeedOB_ratio_index,0.17061834923355967,VTA_JAWS_separate,D1_22_reconstruction,NOT_HARDWARE_VERIFIED
305,6,Active/SRI,FeedOB_ratio_index,0.42590283423584524,VTA_JAWS_separate,D1_22_reconstruction,NOT_HARDWARE_VERIFIED
305,7,Active/SRI,FeedOB_ratio_index,1.7402738951697463,VTA_JAWS_separate,D1_22_reconstruction,NOT_HARDWARE_VERIFIED
305,8,Active/SRI,FeedOB_ratio_index,-0.009258601811674528,VTA_JAWS_separate,D1_22_reconstruction,NOT_HARDWARE_VERIFIED
305,9,Active/SRI,FeedOB_ratio_index,0.7529113448703777,VTA_JAWS_separate,D1_22_reconstruction,NOT_HARDWARE_VERIFIED
305,10,Active/SRI,FeedOB_ratio_index,-1.1636565073852037,VTA_JAWS_separate,D1_22_reconstruction,NOT_HARDWARE_VERIFIED
305,11,Active/SRI,FeedOB_ratio_index,1.3623250229007455,VTA_JAWS_separate,D1_22_reconstruction,NOT_HARDWARE_VERIFIED
305,12,Active/SRI,FeedOB_ratio_index,0.2898847170363957,VTA_JAWS_separate,D1_22_reconstruction,NOT_HARDWARE_VERIFIED
305,13,Active/SRI,FeedOB_ratio_index,-0.7946580269044997,VTA_JAWS_separate,D1_22_reconstruction,NOT_HARDWARE_VERIFIED
305,14,Active/SRI,FeedOB_ratio_index,4.083763146814513,VTA_JAWS_separate,D1_22_reconstruction,NOT_HARDWARE_VERIFIED
305,15,Active/SRI,FeedOB_ratio_index,2.760534805294923,VTA_JAWS_separate,D1_22_reconstruction,NOT_HARDWARE_VERIFIED
305,16,Active/SRI,FeedOB_ratio_index,1.1001685429851973,VTA_JAWS_separate,D1_22_reconstruction,NOT_HARDWARE_VERIFIED
305,17,Active/SRI,FeedOB_ratio_index,-0.14394766490831995,VTA_JAWS_separate,D1_22_reconstruction,NOT_HARDWARE_VERIFIED
305,18,Active/SRI,FeedOB_ratio_index,0.8127341591074938,VTA_JAWS_separate,D1_22_reconstruction,NOT_HARDWARE_VERIFIED
305,19,Active/SRI,FeedOB_ratio_index,3.2147983298215537,VTA_JAWS_separate,D1_22_reconstruction,NOT_HARDWARE_VERIFIED
305,20,Active/SRI,FeedOB_ratio_index,0.9483697256134275,VTA_JAWS_separate,D1_22_reconstruction,NOT_HARDWARE_VERIFIED
305,21,Active/SRI,FeedOB_ratio_index,2.931126779287387,VTA_JAWS_separate,D1_22_reconstruction,NOT_HARDWARE_VERIFIED
305,22,Active/SRI,FeedOB_ratio_index,2.52093783609686,VTA_JAWS_separate,D1_22_reconstruction,NOT_HARDWARE_VERIFIED
173,1,Active/SRI,FeedOB_ratio_days,24.358974358974358,NAc_provisional,D1_22_reconstruction,NOT_HARDWARE_VERIFIED
173,2,Active/SRI,FeedOB_ratio_days,14.754098360655737,NAc_provisional,D1_22_reconstruction,NOT_HARDWARE_VERIFIED
173,3,Active/SRI,FeedOB_ratio_days,14.899713467048711,NAc_provisional,D1_22_reconstruction,NOT_HARDWARE_VERIFIED
173,4,Active/SRI,FeedOB_ratio_days,16.11111111111111,NAc_provisional,D1_22_reconstruction,NOT_HARDWARE_VERIFIED
173,5,Active/SRI,FeedOB_ratio_days,12.206572769953052,NAc_provisional,D1_22_reconstruction,NOT_HARDWARE_VERIFIED
173,6,Active/SRI,FeedOB_ratio_days,13.47517730496454,NAc_provisional,D1_22_reconstruction,NOT_HARDWARE_VERIFIED
173,7,Active/SRI,FeedOB_ratio_days,12.23021582733813,NAc_provisional,D1_22_reconstruction,NOT_HARDWARE_VERIFIED
173,8,Active/SRI,FeedOB_ratio_days,17.72151898734177,NAc_provisional,D1_22_reconstruction,NOT_HARDWARE_VERIFIED
173,9,Active/SRI,FeedOB_ratio_days,19.17808219178082,NAc_provisional,D1_22_reconstruction,NOT_HARDWARE_VERIFIED
173,10,Active/SRI,FeedOB_ratio_days,14.117647058823529,NAc_provisional,D1_22_reconstruction,NOT_HARDWARE_VERIFIED
173,11,Active/SRI,FeedOB_ratio_days,15.277777777777779,NAc_provisional,D1_22_reconstruction,NOT_HARDWARE_VERIFIED
173,12,Active/SRI,FeedOB_ratio_days,12.290502793296088,NAc_provisional,D1_22_reconstruction,NOT_HARDWARE_VERIFIED
173,13,Active/SRI,FeedOB_ratio_days,14.163090128755366,NAc_provisional,D1_22_reconstruction,NOT_HARDWARE_VERIFIED
173,14,Active/SRI,FeedOB_ratio_days,17.73049645390071,NAc_provisional,D1_22_reconstruction,NOT_HARDWARE_VERIFIED
173,15,Active/SRI,FeedOB_ratio_days,13.245033112582782,NAc_provisional,D1_22_reconstruction,NOT_HARDWARE_VERIFIED
173,16,Active/SRI,FeedOB_ratio_days,9.137055837563452,NAc_provisional,D1_22_reconstruction,NOT_HARDWARE_VERIFIED
173,17,Active/SRI,FeedOB_ratio_days,15.11111111111111,NAc_provisional,D1_22_reconstruction,NOT_HARDWARE_VERIFIED
173,18,Active/SRI,FeedOB_ratio_days,20.22058823529412,NAc_provisional,D1_22_reconstruction,NOT_HARDWARE_VERIFIED
173,19,Active/SRI,FeedOB_ratio_days,8.074534161490684,NAc_provisional,D1_22_reconstruction,NOT_HARDWARE_VERIFIED
173,20,Active/SRI,FeedOB_ratio_days,14.482758620689657,NAc_provisional,D1_22_reconstruction,NOT_HARDWARE_VERIFIED
173,21,Active/SRI,FeedOB_ratio_days,11.76470588235294,NAc_provisional,D1_22_reconstruction,NOT_HARDWARE_VERIFIED
173,22,Active/SRI,FeedOB_ratio_days,16.824644549763033,NAc_provisional,D1_22_reconstruction,NOT_HARDWARE_VERIFIED
174,1,Active/SRI,FeedOB_ratio_days,24.041811846689896,NAc_provisional,D1_22_reconstruction,NOT_HARDWARE_VERIFIED
174,2,Active/SRI,FeedOB_ratio_days,32.27091633466135,NAc_provisional,D1_22_reconstruction,NOT_HARDWARE_VERIFIED
174,3,Active/SRI,FeedOB_ratio_days,21.57676348547718,NAc_provisional,D1_22_reconstruction,NOT_HARDWARE_VERIFIED
174,4,Active/SRI,FeedOB_ratio_days,19.43844492440605,NAc_provisional,D1_22_reconstruction,NOT_HARDWARE_VERIFIED
174,5,Active/SRI,FeedOB_ratio_days,23.949579831932773,NAc_provisional,D1_22_reconstruction,NOT_HARDWARE_VERIFIED
174,6,Active/SRI,FeedOB_ratio_days,30.76923076923077,NAc_provisional,D1_22_reconstruction,NOT_HARDWARE_VERIFIED
174,7,Active/SRI,FeedOB_ratio_days,27.2108843537415,NAc_provisional,D1_22_reconstruction,NOT_HARDWARE_VERIFIED
174,8,Active/SRI,FeedOB_ratio_days,20.25862068965517,NAc_provisional,D1_22_reconstruction,NOT_HARDWARE_VERIFIED
174,9,Active/SRI,FeedOB_ratio_days,26.973684210526315,NAc_provisional,D1_22_reconstruction,NOT_HARDWARE_VERIFIED
174,10,Active/SRI,FeedOB_ratio_days,20.13422818791946,NAc_provisional,D1_22_reconstruction,NOT_HARDWARE_VERIFIED
174,11,Active/SRI,FeedOB_ratio_days,16.748768472906402,NAc_provisional,D1_22_reconstruction,NOT_HARDWARE_VERIFIED
174,12,Active/SRI,FeedOB_ratio_days,22.78820375335121,NAc_provisional,D1_22_reconstruction,NOT_HARDWARE_VERIFIED
174,13,Active/SRI,FeedOB_ratio_days,25.203252032520325,NAc_provisional,D1_22_reconstruction,NOT_HARDWARE_VERIFIED
174,14,Active/SRI,FeedOB_ratio_days,14.975845410628018,NAc_provisional,D1_22_reconstruction,NOT_HARDWARE_VERIFIED
174,15,Active/SRI,FeedOB_ratio_days,25.461254612546124,NAc_provisional,D1_22_reconstruction,NOT_HARDWARE_VERIFIED
174,16,Active/SRI,FeedOB_ratio_days,33.33333333333333,NAc_provisional,D1_22_reconstruction,NOT_HARDWARE_VERIFIED
174,17,Active/SRI,FeedOB_ratio_days,25.572519083969464,NAc_provisional,D1_22_reconstruction,NOT_HARDWARE_VERIFIED
174,18,Active/SRI,FeedOB_ratio_days,28.09917355371901,NAc_provisional,D1_22_reconstruction,NOT_HARDWARE_VERIFIED
174,19,Active/SRI,FeedOB_ratio_days,24.653739612188367,NAc_provisional,D1_22_reconstruction,NOT_HARDWARE_VERIFIED
174,20,Active/SRI,FeedOB_ratio_days,25.9946949602122,NAc_provisional,D1_22_reconstruction,NOT_HARDWARE_VERIFIED
174,21,Active/SRI,FeedOB_ratio_days,27.63819095477387,NAc_provisional,D1_22_reconstruction,NOT_HARDWARE_VERIFIED
174,22,Active/SRI,FeedOB_ratio_days,19.84732824427481,NAc_provisional,D1_22_reconstruction,NOT_HARDWARE_VERIFIED
179,1,Active/SRI,FeedOB_ratio_days,12.804878048780488,NAc_provisional,D1_22_reconstruction,NOT_HARDWARE_VERIFIED
179,2,Active/SRI,FeedOB_ratio_days,8.974358974358974,NAc_provisional,D1_22_reconstruction,NOT_HARDWARE_VERIFIED
179,3,Active/SRI,FeedOB_ratio_days,12.37458193979933,NAc_provisional,D1_22_reconstruction,NOT_HARDWARE_VERIFIED
179,4,Active/SRI,FeedOB_ratio_days,14.792899408284024,NAc_provisional,D1_22_reconstruction,NOT_HARDWARE_VERIFIED
179,5,Active/SRI,FeedOB_ratio_days,14.402173913043478,NAc_provisional,D1_22_reconstruction,NOT_HARDWARE_VERIFIED
179,6,Active/SRI,FeedOB_ratio_days,15.234375,NAc_provisional,D1_22_reconstruction,NOT_HARDWARE_VERIFIED
179,7,Active/SRI,FeedOB_ratio_days,29.82456140350877,NAc_provisional,D1_22_reconstruction,NOT_HARDWARE_VERIFIED
179,8,Active/SRI,FeedOB_ratio_days,17.370892018779344,NAc_provisional,D1_22_reconstruction,NOT_HARDWARE_VERIFIED
179,9,Active/SRI,FeedOB_ratio_days,16.666666666666664,NAc_provisional,D1_22_reconstruction,NOT_HARDWARE_VERIFIED
179,10,Active/SRI,FeedOB_ratio_days,17.786561264822133,NAc_provisional,D1_22_reconstruction,NOT_HARDWARE_VERIFIED
179,11,Active/SRI,FeedOB_ratio_days,18.027210884353742,NAc_provisional,D1_22_reconstruction,NOT_HARDWARE_VERIFIED
179,12,Active/SRI,FeedOB_ratio_days,19.101123595505616,NAc_provisional,D1_22_reconstruction,NOT_HARDWARE_VERIFIED
179,13,Active/SRI,FeedOB_ratio_days,18.009478672985782,NAc_provisional,D1_22_reconstruction,NOT_HARDWARE_VERIFIED
179,14,Active/SRI,FeedOB_ratio_days,23.626373626373624,NAc_provisional,D1_22_reconstruction,NOT_HARDWARE_VERIFIED
179,15,Active/SRI,FeedOB_ratio_days,14.760147601476014,NAc_provisional,D1_22_reconstruction,NOT_HARDWARE_VERIFIED
179,16,Active/SRI,FeedOB_ratio_days,21.08843537414966,NAc_provisional,D1_22_reconstruction,NOT_HARDWARE_VERIFIED
179,17,Active/SRI,FeedOB_ratio_days,19.45945945945946,NAc_provisional,D1_22_reconstruction,NOT_HARDWARE_VERIFIED
179,18,Active/SRI,FeedOB_ratio_days,17.142857142857142,NAc_provisional,D1_22_reconstruction,NOT_HARDWARE_VERIFIED
179,19,Active/SRI,FeedOB_ratio_days,9.426229508196721,NAc_provisional,D1_22_reconstruction,NOT_HARDWARE_VERIFIED
179,20,Active/SRI,FeedOB_ratio_days,9.701492537313433,NAc_provisional,D1_22_reconstruction,NOT_HARDWARE_VERIFIED
179,21,Active/SRI,FeedOB_ratio_days,11.728395061728394,NAc_provisional,D1_22_reconstruction,NOT_HARDWARE_VERIFIED
179,22,Active/SRI,FeedOB_ratio_days,24.842105263157897,NAc_provisional,D1_22_reconstruction,NOT_HARDWARE_VERIFIED
180,1,Active/SRI,FeedOB_ratio_days,16.20294599018003,NAc_provisional,D1_22_reconstruction,NOT_HARDWARE_VERIFIED
180,2,Active/SRI,FeedOB_ratio_days,17.97752808988764,NAc_provisional,D1_22_reconstruction,NOT_HARDWARE_VERIFIED
180,3,Active/SRI,FeedOB_ratio_days,24.166666666666668,NAc_provisional,D1_22_reconstruction,NOT_HARDWARE_VERIFIED
180,4,Active/SRI,FeedOB_ratio_days,27.27272727272727,NAc_provisional,D1_22_reconstruction,NOT_HARDWARE_VERIFIED
180,5,Active/SRI,FeedOB_ratio_days,23.333333333333332,NAc_provisional,D1_22_reconstruction,NOT_HARDWARE_VERIFIED
180,6,Active/SRI,FeedOB_ratio_days,29.01023890784983,NAc_provisional,D1_22_reconstruction,NOT_HARDWARE_VERIFIED
180,7,Active/SRI,FeedOB_ratio_days,24.362606232294617,NAc_provisional,D1_22_reconstruction,NOT_HARDWARE_VERIFIED
180,8,Active/SRI,FeedOB_ratio_days,29.545454545454547,NAc_provisional,D1_22_reconstruction,NOT_HARDWARE_VERIFIED
180,9,Active/SRI,FeedOB_ratio_days,25.352112676056336,NAc_provisional,D1_22_reconstruction,NOT_HARDWARE_VERIFIED
180,10,Active/SRI,FeedOB_ratio_days,21.39917695473251,NAc_provisional,D1_22_reconstruction,NOT_HARDWARE_VERIFIED
180,11,Active/SRI,FeedOB_ratio_days,17.435897435897434,NAc_provisional,D1_22_reconstruction,NOT_HARDWARE_VERIFIED
180,12,Active/SRI,FeedOB_ratio_days,26.25298329355609,NAc_provisional,D1_22_reconstruction,NOT_HARDWARE_VERIFIED
180,13,Active/SRI,FeedOB_ratio_days,20.170454545454543,NAc_provisional,D1_22_reconstruction,NOT_HARDWARE_VERIFIED
180,14,Active/SRI,FeedOB_ratio_days,12.614678899082568,NAc_provisional,D1_22_reconstruction,NOT_HARDWARE_VERIFIED
180,15,Active/SRI,FeedOB_ratio_days,26.710097719869708,NAc_provisional,D1_22_reconstruction,NOT_HARDWARE_VERIFIED
180,16,Active/SRI,FeedOB_ratio_days,17.942583732057415,NAc_provisional,D1_22_reconstruction,NOT_HARDWARE_VERIFIED
180,17,Active/SRI,FeedOB_ratio_days,17.12846347607053,NAc_provisional,D1_22_reconstruction,NOT_HARDWARE_VERIFIED
180,18,Active/SRI,FeedOB_ratio_days,19.07756813417191,NAc_provisional,D1_22_reconstruction,NOT_HARDWARE_VERIFIED
180,19,Active/SRI,FeedOB_ratio_days,20.767494356659142,NAc_provisional,D1_22_reconstruction,NOT_HARDWARE_VERIFIED
180,20,Active/SRI,FeedOB_ratio_days,26.5625,NAc_provisional,D1_22_reconstruction,NOT_HARDWARE_VERIFIED
180,21,Active/SRI,FeedOB_ratio_days,23.574144486692013,NAc_provisional,D1_22_reconstruction,NOT_HARDWARE_VERIFIED
180,22,Active/SRI,FeedOB_ratio_days,15.463917525773196,NAc_provisional,D1_22_reconstruction,NOT_HARDWARE_VERIFIED
184,1,Active/SRI,FeedOB_ratio_days,8.333333333333332,NAc_provisional,D1_22_reconstruction,NOT_HARDWARE_VERIFIED
184,2,Active/SRI,FeedOB_ratio_days,32.83582089552239,NAc_provisional,D1_22_reconstruction,NOT_HARDWARE_VERIFIED
184,3,Active/SRI,FeedOB_ratio_days,35.02304147465438,NAc_provisional,D1_22_reconstruction,NOT_HARDWARE_VERIFIED
184,4,Active/SRI,FeedOB_ratio_days,36.04060913705584,NAc_provisional,D1_22_reconstruction,NOT_HARDWARE_VERIFIED
184,5,Active/SRI,FeedOB_ratio_days,23.929471032745592,NAc_provisional,D1_22_reconstruction,NOT_HARDWARE_VERIFIED
184,6,Active/SRI,FeedOB_ratio_days,25.62674094707521,NAc_provisional,D1_22_reconstruction,NOT_HARDWARE_VERIFIED
184,7,Active/SRI,FeedOB_ratio_days,25.67049808429119,NAc_provisional,D1_22_reconstruction,NOT_HARDWARE_VERIFIED
184,8,Active/SRI,FeedOB_ratio_days,27.77777777777778,NAc_provisional,D1_22_reconstruction,NOT_HARDWARE_VERIFIED
184,9,Active/SRI,FeedOB_ratio_days,21.367521367521366,NAc_provisional,D1_22_reconstruction,NOT_HARDWARE_VERIFIED
184,10,Active/SRI,FeedOB_ratio_days,19.413919413919416,NAc_provisional,D1_22_reconstruction,NOT_HARDWARE_VERIFIED
184,11,Active/SRI,FeedOB_ratio_days,20.716112531969312,NAc_provisional,D1_22_reconstruction,NOT_HARDWARE_VERIFIED
184,12,Active/SRI,FeedOB_ratio_days,28.294573643410853,NAc_provisional,D1_22_reconstruction,NOT_HARDWARE_VERIFIED
184,13,Active/SRI,FeedOB_ratio_days,28.000000000000004,NAc_provisional,D1_22_reconstruction,NOT_HARDWARE_VERIFIED
184,14,Active/SRI,FeedOB_ratio_days,30.303030303030305,NAc_provisional,D1_22_reconstruction,NOT_HARDWARE_VERIFIED
184,15,Active/SRI,FeedOB_ratio_days,27.64976958525346,NAc_provisional,D1_22_reconstruction,NOT_HARDWARE_VERIFIED
184,16,Active/SRI,FeedOB_ratio_days,25.877192982456144,NAc_provisional,D1_22_reconstruction,NOT_HARDWARE_VERIFIED
184,17,Active/SRI,FeedOB_ratio_days,21.779141104294478,NAc_provisional,D1_22_reconstruction,NOT_HARDWARE_VERIFIED
184,18,Active/SRI,FeedOB_ratio_days,32.19512195121951,NAc_provisional,D1_22_reconstruction,NOT_HARDWARE_VERIFIED
184,19,Active/SRI,FeedOB_ratio_days,25.89641434262948,NAc_provisional,D1_22_reconstruction,NOT_HARDWARE_VERIFIED
184,20,Active/SRI,FeedOB_ratio_days,27.62237762237762,NAc_provisional,D1_22_reconstruction,NOT_HARDWARE_VERIFIED
184,21,Active/SRI,FeedOB_ratio_days,26.666666666666668,NAc_provisional,D1_22_reconstruction,NOT_HARDWARE_VERIFIED
184,22,Active/SRI,FeedOB_ratio_days,10.909090909090908,NAc_provisional,D1_22_reconstruction,NOT_HARDWARE_VERIFIED
305,1,Active/SRI,FeedOB_ratio_days,12.612612612612612,VTA_JAWS_separate,D1_22_reconstruction,NOT_HARDWARE_VERIFIED
305,2,Active/SRI,FeedOB_ratio_days,14.545454545454545,VTA_JAWS_separate,D1_22_reconstruction,NOT_HARDWARE_VERIFIED
305,3,Active/SRI,FeedOB_ratio_days,11.748633879781421,VTA_JAWS_separate,D1_22_reconstruction,NOT_HARDWARE_VERIFIED
305,4,Active/SRI,FeedOB_ratio_days,14.747474747474747,VTA_JAWS_separate,D1_22_reconstruction,NOT_HARDWARE_VERIFIED
305,5,Active/SRI,FeedOB_ratio_days,16.923076923076923,VTA_JAWS_separate,D1_22_reconstruction,NOT_HARDWARE_VERIFIED
305,6,Active/SRI,FeedOB_ratio_days,11.944444444444445,VTA_JAWS_separate,D1_22_reconstruction,NOT_HARDWARE_VERIFIED
305,7,Active/SRI,FeedOB_ratio_days,15.087719298245613,VTA_JAWS_separate,D1_22_reconstruction,NOT_HARDWARE_VERIFIED
305,8,Active/SRI,FeedOB_ratio_days,18.137254901960784,VTA_JAWS_separate,D1_22_reconstruction,NOT_HARDWARE_VERIFIED
305,9,Active/SRI,FeedOB_ratio_days,15.566037735849056,VTA_JAWS_separate,D1_22_reconstruction,NOT_HARDWARE_VERIFIED
305,10,Active/SRI,FeedOB_ratio_days,15.899581589958158,VTA_JAWS_separate,D1_22_reconstruction,NOT_HARDWARE_VERIFIED
305,11,Active/SRI,FeedOB_ratio_days,20.149253731343283,VTA_JAWS_separate,D1_22_reconstruction,NOT_HARDWARE_VERIFIED
305,12,Active/SRI,FeedOB_ratio_days,18.067226890756302,VTA_JAWS_separate,D1_22_reconstruction,NOT_HARDWARE_VERIFIED
305,13,Active/SRI,FeedOB_ratio_days,13.370473537604457,VTA_JAWS_separate,D1_22_reconstruction,NOT_HARDWARE_VERIFIED
305,14,Active/SRI,FeedOB_ratio_days,21.337579617834397,VTA_JAWS_separate,D1_22_reconstruction,NOT_HARDWARE_VERIFIED
305,15,Active/SRI,FeedOB_ratio_days,18.410041841004183,VTA_JAWS_separate,D1_22_reconstruction,NOT_HARDWARE_VERIFIED
305,16,Active/SRI,FeedOB_ratio_days,14.799999999999999,VTA_JAWS_separate,D1_22_reconstruction,NOT_HARDWARE_VERIFIED
305,17,Active/SRI,FeedOB_ratio_days,13.733905579399142,VTA_JAWS_separate,D1_22_reconstruction,NOT_HARDWARE_VERIFIED
305,18,Active/SRI,FeedOB_ratio_days,15.023474178403756,VTA_JAWS_separate,D1_22_reconstruction,NOT_HARDWARE_VERIFIED
305,19,Active/SRI,FeedOB_ratio_days,18.39622641509434,VTA_JAWS_separate,D1_22_reconstruction,NOT_HARDWARE_VERIFIED
305,20,Active/SRI,FeedOB_ratio_days,14.975845410628018,VTA_JAWS_separate,D1_22_reconstruction,NOT_HARDWARE_VERIFIED
305,21,Active/SRI,FeedOB_ratio_days,18.72340425531915,VTA_JAWS_separate,D1_22_reconstruction,NOT_HARDWARE_VERIFIED
305,22,Active/SRI,FeedOB_ratio_days,12.931034482758621,VTA_JAWS_separate,D1_22_reconstruction,NOT_HARDWARE_VERIFIED
173,1,Passive/PRI,FeedOB_ratio_index,-0.04185515068991156,NAc_provisional,D1_22_reconstruction,NOT_HARDWARE_VERIFIED
173,2,Passive/PRI,FeedOB_ratio_index,-0.028312884579258176,NAc_provisional,D1_22_reconstruction,NOT_HARDWARE_VERIFIED
173,3,Passive/PRI,FeedOB_ratio_index,-1.2456532992340688,NAc_provisional,D1_22_reconstruction,NOT_HARDWARE_VERIFIED
173,4,Passive/PRI,FeedOB_ratio_index,0.7193254381691909,NAc_provisional,D1_22_reconstruction,NOT_HARDWARE_VERIFIED
173,5,Passive/PRI,FeedOB_ratio_index,1.101688771262533,NAc_provisional,D1_22_reconstruction,NOT_HARDWARE_VERIFIED
173,6,Passive/PRI,FeedOB_ratio_index,-0.9019749549603888,NAc_provisional,D1_22_reconstruction,NOT_HARDWARE_VERIFIED
173,7,Passive/PRI,FeedOB_ratio_index,0.49802452426313665,NAc_provisional,D1_22_reconstruction,NOT_HARDWARE_VERIFIED
173,8,Passive/PRI,FeedOB_ratio_index,-1.2804027369507387,NAc_provisional,D1_22_reconstruction,NOT_HARDWARE_VERIFIED
173,9,Passive/PRI,FeedOB_ratio_index,0.6346661808408003,NAc_provisional,D1_22_reconstruction,NOT_HARDWARE_VERIFIED
173,10,Passive/PRI,FeedOB_ratio_index,-1.0510960964463478,NAc_provisional,D1_22_reconstruction,NOT_HARDWARE_VERIFIED
173,11,Passive/PRI,FeedOB_ratio_index,-2.1188808263202947,NAc_provisional,D1_22_reconstruction,NOT_HARDWARE_VERIFIED
173,12,Passive/PRI,FeedOB_ratio_index,-2.69572698630946,NAc_provisional,D1_22_reconstruction,NOT_HARDWARE_VERIFIED
173,13,Passive/PRI,FeedOB_ratio_index,-2.0797343264495014,NAc_provisional,D1_22_reconstruction,NOT_HARDWARE_VERIFIED
173,14,Passive/PRI,FeedOB_ratio_index,-2.5237864615092427,NAc_provisional,D1_22_reconstruction,NOT_HARDWARE_VERIFIED
173,15,Passive/PRI,FeedOB_ratio_index,-1.2615157251262619,NAc_provisional,D1_22_reconstruction,NOT_HARDWARE_VERIFIED
173,16,Passive/PRI,FeedOB_ratio_index,1.0181439487477923,NAc_provisional,D1_22_reconstruction,NOT_HARDWARE_VERIFIED
173,17,Passive/PRI,FeedOB_ratio_index,-0.7778403433720944,NAc_provisional,D1_22_reconstruction,NOT_HARDWARE_VERIFIED
173,18,Passive/PRI,FeedOB_ratio_index,0.3206972541856142,NAc_provisional,D1_22_reconstruction,NOT_HARDWARE_VERIFIED
173,19,Passive/PRI,FeedOB_ratio_index,0.7181777089627164,NAc_provisional,D1_22_reconstruction,NOT_HARDWARE_VERIFIED
173,20,Passive/PRI,FeedOB_ratio_index,0.4938329350518611,NAc_provisional,D1_22_reconstruction,NOT_HARDWARE_VERIFIED
173,21,Passive/PRI,FeedOB_ratio_index,0.38575080166034026,NAc_provisional,D1_22_reconstruction,NOT_HARDWARE_VERIFIED
173,22,Passive/PRI,FeedOB_ratio_index,2.8150321936630056,NAc_provisional,D1_22_reconstruction,NOT_HARDWARE_VERIFIED
174,1,Passive/PRI,FeedOB_ratio_index,1.9813477967582136,NAc_provisional,D1_22_reconstruction,NOT_HARDWARE_VERIFIED
174,2,Passive/PRI,FeedOB_ratio_index,0.6961676658015605,NAc_provisional,D1_22_reconstruction,NOT_HARDWARE_VERIFIED
174,3,Passive/PRI,FeedOB_ratio_index,-0.43994972478492256,NAc_provisional,D1_22_reconstruction,NOT_HARDWARE_VERIFIED
174,4,Passive/PRI,FeedOB_ratio_index,0.16515168781255002,NAc_provisional,D1_22_reconstruction,NOT_HARDWARE_VERIFIED
174,5,Passive/PRI,FeedOB_ratio_index,-0.37926886836203294,NAc_provisional,D1_22_reconstruction,NOT_HARDWARE_VERIFIED
174,6,Passive/PRI,FeedOB_ratio_index,-0.03001364566820497,NAc_provisional,D1_22_reconstruction,NOT_HARDWARE_VERIFIED
174,7,Passive/PRI,FeedOB_ratio_index,-1.591714706971902,NAc_provisional,D1_22_reconstruction,NOT_HARDWARE_VERIFIED
174,8,Passive/PRI,FeedOB_ratio_index,1.402599160013197,NAc_provisional,D1_22_reconstruction,NOT_HARDWARE_VERIFIED
174,9,Passive/PRI,FeedOB_ratio_index,0.40820379467120305,NAc_provisional,D1_22_reconstruction,NOT_HARDWARE_VERIFIED
174,10,Passive/PRI,FeedOB_ratio_index,1.207782756752323,NAc_provisional,D1_22_reconstruction,NOT_HARDWARE_VERIFIED
174,11,Passive/PRI,FeedOB_ratio_index,1.4405479166049768,NAc_provisional,D1_22_reconstruction,NOT_HARDWARE_VERIFIED
174,12,Passive/PRI,FeedOB_ratio_index,0.7644771864438101,NAc_provisional,D1_22_reconstruction,NOT_HARDWARE_VERIFIED
174,13,Passive/PRI,FeedOB_ratio_index,-0.00853574837102691,NAc_provisional,D1_22_reconstruction,NOT_HARDWARE_VERIFIED
174,14,Passive/PRI,FeedOB_ratio_index,0.5480980458342305,NAc_provisional,D1_22_reconstruction,NOT_HARDWARE_VERIFIED
174,15,Passive/PRI,FeedOB_ratio_index,-0.1923750217946133,NAc_provisional,D1_22_reconstruction,NOT_HARDWARE_VERIFIED
174,16,Passive/PRI,FeedOB_ratio_index,0.24033377730897512,NAc_provisional,D1_22_reconstruction,NOT_HARDWARE_VERIFIED
174,17,Passive/PRI,FeedOB_ratio_index,-2.0954959733670275,NAc_provisional,D1_22_reconstruction,NOT_HARDWARE_VERIFIED
174,18,Passive/PRI,FeedOB_ratio_index,-1.054528604501207,NAc_provisional,D1_22_reconstruction,NOT_HARDWARE_VERIFIED
174,19,Passive/PRI,FeedOB_ratio_index,-0.5703156893031462,NAc_provisional,D1_22_reconstruction,NOT_HARDWARE_VERIFIED
174,20,Passive/PRI,FeedOB_ratio_index,-2.3700404406980935,NAc_provisional,D1_22_reconstruction,NOT_HARDWARE_VERIFIED
174,21,Passive/PRI,FeedOB_ratio_index,-2.7472287504108683,NAc_provisional,D1_22_reconstruction,NOT_HARDWARE_VERIFIED
174,22,Passive/PRI,FeedOB_ratio_index,-0.4502338451195781,NAc_provisional,D1_22_reconstruction,NOT_HARDWARE_VERIFIED
179,1,Passive/PRI,FeedOB_ratio_index,-1.1022710567972647,NAc_provisional,D1_22_reconstruction,NOT_HARDWARE_VERIFIED
179,2,Passive/PRI,FeedOB_ratio_index,0.23154390657725193,NAc_provisional,D1_22_reconstruction,NOT_HARDWARE_VERIFIED
179,3,Passive/PRI,FeedOB_ratio_index,1.6972517400859002,NAc_provisional,D1_22_reconstruction,NOT_HARDWARE_VERIFIED
179,4,Passive/PRI,FeedOB_ratio_index,0.9838098816342565,NAc_provisional,D1_22_reconstruction,NOT_HARDWARE_VERIFIED
179,5,Passive/PRI,FeedOB_ratio_index,0.5614287848442631,NAc_provisional,D1_22_reconstruction,NOT_HARDWARE_VERIFIED
179,6,Passive/PRI,FeedOB_ratio_index,0.8851500083504651,NAc_provisional,D1_22_reconstruction,NOT_HARDWARE_VERIFIED
179,7,Passive/PRI,FeedOB_ratio_index,0.25629514976188955,NAc_provisional,D1_22_reconstruction,NOT_HARDWARE_VERIFIED
179,8,Passive/PRI,FeedOB_ratio_index,0.37962014488145607,NAc_provisional,D1_22_reconstruction,NOT_HARDWARE_VERIFIED
179,9,Passive/PRI,FeedOB_ratio_index,1.056230475431067,NAc_provisional,D1_22_reconstruction,NOT_HARDWARE_VERIFIED
179,10,Passive/PRI,FeedOB_ratio_index,-1.1128890395115905,NAc_provisional,D1_22_reconstruction,NOT_HARDWARE_VERIFIED
179,11,Passive/PRI,FeedOB_ratio_index,0.13167444104230577,NAc_provisional,D1_22_reconstruction,NOT_HARDWARE_VERIFIED
179,12,Passive/PRI,FeedOB_ratio_index,-1.3076099883556338,NAc_provisional,D1_22_reconstruction,NOT_HARDWARE_VERIFIED
179,13,Passive/PRI,FeedOB_ratio_index,-0.840795390448427,NAc_provisional,D1_22_reconstruction,NOT_HARDWARE_VERIFIED
179,14,Passive/PRI,FeedOB_ratio_index,0.970655883405934,NAc_provisional,D1_22_reconstruction,NOT_HARDWARE_VERIFIED
179,15,Passive/PRI,FeedOB_ratio_index,-1.8725088476698921,NAc_provisional,D1_22_reconstruction,NOT_HARDWARE_VERIFIED
179,16,Passive/PRI,FeedOB_ratio_index,-0.7638685653379657,NAc_provisional,D1_22_reconstruction,NOT_HARDWARE_VERIFIED
179,17,Passive/PRI,FeedOB_ratio_index,-0.8499618620673564,NAc_provisional,D1_22_reconstruction,NOT_HARDWARE_VERIFIED
179,18,Passive/PRI,FeedOB_ratio_index,-1.205923705240422,NAc_provisional,D1_22_reconstruction,NOT_HARDWARE_VERIFIED
179,19,Passive/PRI,FeedOB_ratio_index,-0.7069319845267208,NAc_provisional,D1_22_reconstruction,NOT_HARDWARE_VERIFIED
179,20,Passive/PRI,FeedOB_ratio_index,-0.3375703325960926,NAc_provisional,D1_22_reconstruction,NOT_HARDWARE_VERIFIED
179,21,Passive/PRI,FeedOB_ratio_index,-0.2917159812288976,NAc_provisional,D1_22_reconstruction,NOT_HARDWARE_VERIFIED
179,22,Passive/PRI,FeedOB_ratio_index,2.255884505224028,NAc_provisional,D1_22_reconstruction,NOT_HARDWARE_VERIFIED
180,1,Passive/PRI,FeedOB_ratio_index,1.3352960572853294,NAc_provisional,D1_22_reconstruction,NOT_HARDWARE_VERIFIED
180,2,Passive/PRI,FeedOB_ratio_index,1.2975418709360793,NAc_provisional,D1_22_reconstruction,NOT_HARDWARE_VERIFIED
180,3,Passive/PRI,FeedOB_ratio_index,1.0444404714985296,NAc_provisional,D1_22_reconstruction,NOT_HARDWARE_VERIFIED
180,4,Passive/PRI,FeedOB_ratio_index,-0.17863359904129275,NAc_provisional,D1_22_reconstruction,NOT_HARDWARE_VERIFIED
180,5,Passive/PRI,FeedOB_ratio_index,1.0542093666074135,NAc_provisional,D1_22_reconstruction,NOT_HARDWARE_VERIFIED
180,6,Passive/PRI,FeedOB_ratio_index,-1.0735020848707026,NAc_provisional,D1_22_reconstruction,NOT_HARDWARE_VERIFIED
180,7,Passive/PRI,FeedOB_ratio_index,2.2380979120892306,NAc_provisional,D1_22_reconstruction,NOT_HARDWARE_VERIFIED
180,8,Passive/PRI,FeedOB_ratio_index,1.1842071585415601,NAc_provisional,D1_22_reconstruction,NOT_HARDWARE_VERIFIED
180,9,Passive/PRI,FeedOB_ratio_index,0.9217632599665344,NAc_provisional,D1_22_reconstruction,NOT_HARDWARE_VERIFIED
180,10,Passive/PRI,FeedOB_ratio_index,0.3180123569232153,NAc_provisional,D1_22_reconstruction,NOT_HARDWARE_VERIFIED
180,11,Passive/PRI,FeedOB_ratio_index,-0.35461179565363965,NAc_provisional,D1_22_reconstruction,NOT_HARDWARE_VERIFIED
180,12,Passive/PRI,FeedOB_ratio_index,0.49260564486156516,NAc_provisional,D1_22_reconstruction,NOT_HARDWARE_VERIFIED
180,13,Passive/PRI,FeedOB_ratio_index,1.8484800792312046,NAc_provisional,D1_22_reconstruction,NOT_HARDWARE_VERIFIED
180,14,Passive/PRI,FeedOB_ratio_index,-1.3301468116492037,NAc_provisional,D1_22_reconstruction,NOT_HARDWARE_VERIFIED
180,15,Passive/PRI,FeedOB_ratio_index,0.8609399610776074,NAc_provisional,D1_22_reconstruction,NOT_HARDWARE_VERIFIED
180,16,Passive/PRI,FeedOB_ratio_index,-1.4412828238526845,NAc_provisional,D1_22_reconstruction,NOT_HARDWARE_VERIFIED
180,17,Passive/PRI,FeedOB_ratio_index,0.6649029329436666,NAc_provisional,D1_22_reconstruction,NOT_HARDWARE_VERIFIED
180,18,Passive/PRI,FeedOB_ratio_index,-0.15634121027466907,NAc_provisional,D1_22_reconstruction,NOT_HARDWARE_VERIFIED
180,19,Passive/PRI,FeedOB_ratio_index,0.019117143098908617,NAc_provisional,D1_22_reconstruction,NOT_HARDWARE_VERIFIED
180,20,Passive/PRI,FeedOB_ratio_index,-0.4461644366626268,NAc_provisional,D1_22_reconstruction,NOT_HARDWARE_VERIFIED
180,21,Passive/PRI,FeedOB_ratio_index,0.35885998356584525,NAc_provisional,D1_22_reconstruction,NOT_HARDWARE_VERIFIED
180,22,Passive/PRI,FeedOB_ratio_index,-1.0531543585911514,NAc_provisional,D1_22_reconstruction,NOT_HARDWARE_VERIFIED
184,1,Passive/PRI,FeedOB_ratio_index,-0.6722099418151242,NAc_provisional,D1_22_reconstruction,NOT_HARDWARE_VERIFIED
184,2,Passive/PRI,FeedOB_ratio_index,1.9670306318376034,NAc_provisional,D1_22_reconstruction,NOT_HARDWARE_VERIFIED
184,3,Passive/PRI,FeedOB_ratio_index,0.735001498139693,NAc_provisional,D1_22_reconstruction,NOT_HARDWARE_VERIFIED
184,4,Passive/PRI,FeedOB_ratio_index,0.23772174470791818,NAc_provisional,D1_22_reconstruction,NOT_HARDWARE_VERIFIED
184,5,Passive/PRI,FeedOB_ratio_index,0.9664742009347574,NAc_provisional,D1_22_reconstruction,NOT_HARDWARE_VERIFIED
184,6,Passive/PRI,FeedOB_ratio_index,1.4290587813754498,NAc_provisional,D1_22_reconstruction,NOT_HARDWARE_VERIFIED
184,7,Passive/PRI,FeedOB_ratio_index,-1.0607644748816802,NAc_provisional,D1_22_reconstruction,NOT_HARDWARE_VERIFIED
184,8,Passive/PRI,FeedOB_ratio_index,-0.3980143030963589,NAc_provisional,D1_22_reconstruction,NOT_HARDWARE_VERIFIED
184,9,Passive/PRI,FeedOB_ratio_index,0.7684261053927216,NAc_provisional,D1_22_reconstruction,NOT_HARDWARE_VERIFIED
184,10,Passive/PRI,FeedOB_ratio_index,1.0602231394924555,NAc_provisional,D1_22_reconstruction,NOT_HARDWARE_VERIFIED
184,11,Passive/PRI,FeedOB_ratio_index,0.8946593748196501,NAc_provisional,D1_22_reconstruction,NOT_HARDWARE_VERIFIED
184,12,Passive/PRI,FeedOB_ratio_index,1.8300427983014667,NAc_provisional,D1_22_reconstruction,NOT_HARDWARE_VERIFIED
184,13,Passive/PRI,FeedOB_ratio_index,0.7465637796199164,NAc_provisional,D1_22_reconstruction,NOT_HARDWARE_VERIFIED
184,14,Passive/PRI,FeedOB_ratio_index,-1.9994179236925635,NAc_provisional,D1_22_reconstruction,NOT_HARDWARE_VERIFIED
184,15,Passive/PRI,FeedOB_ratio_index,1.3331684738852208,NAc_provisional,D1_22_reconstruction,NOT_HARDWARE_VERIFIED
184,16,Passive/PRI,FeedOB_ratio_index,0.681792924722356,NAc_provisional,D1_22_reconstruction,NOT_HARDWARE_VERIFIED
184,17,Passive/PRI,FeedOB_ratio_index,-0.5032478469602139,NAc_provisional,D1_22_reconstruction,NOT_HARDWARE_VERIFIED
184,18,Passive/PRI,FeedOB_ratio_index,-0.1532723045300711,NAc_provisional,D1_22_reconstruction,NOT_HARDWARE_VERIFIED
184,19,Passive/PRI,FeedOB_ratio_index,-0.8703596619876383,NAc_provisional,D1_22_reconstruction,NOT_HARDWARE_VERIFIED
184,20,Passive/PRI,FeedOB_ratio_index,-1.1041603969864477,NAc_provisional,D1_22_reconstruction,NOT_HARDWARE_VERIFIED
184,21,Passive/PRI,FeedOB_ratio_index,3.2282888642096403,NAc_provisional,D1_22_reconstruction,NOT_HARDWARE_VERIFIED
184,22,Passive/PRI,FeedOB_ratio_index,1.3867964368739458,NAc_provisional,D1_22_reconstruction,NOT_HARDWARE_VERIFIED
305,1,Passive/PRI,FeedOB_ratio_index,-1.8271179888840166,VTA_JAWS_separate,D1_22_reconstruction,NOT_HARDWARE_VERIFIED
305,2,Passive/PRI,FeedOB_ratio_index,-0.5214120017773033,VTA_JAWS_separate,D1_22_reconstruction,NOT_HARDWARE_VERIFIED
305,3,Passive/PRI,FeedOB_ratio_index,-0.969971966995531,VTA_JAWS_separate,D1_22_reconstruction,NOT_HARDWARE_VERIFIED
305,4,Passive/PRI,FeedOB_ratio_index,-1.7329717478091515,VTA_JAWS_separate,D1_22_reconstruction,NOT_HARDWARE_VERIFIED
305,5,Passive/PRI,FeedOB_ratio_index,1.034909677451131,VTA_JAWS_separate,D1_22_reconstruction,NOT_HARDWARE_VERIFIED
305,6,Passive/PRI,FeedOB_ratio_index,-1.9020796767680872,VTA_JAWS_separate,D1_22_reconstruction,NOT_HARDWARE_VERIFIED
305,7,Passive/PRI,FeedOB_ratio_index,-0.9085048499351344,VTA_JAWS_separate,D1_22_reconstruction,NOT_HARDWARE_VERIFIED
305,8,Passive/PRI,FeedOB_ratio_index,-1.6076470872100004,VTA_JAWS_separate,D1_22_reconstruction,NOT_HARDWARE_VERIFIED
305,9,Passive/PRI,FeedOB_ratio_index,-1.4273198702161873,VTA_JAWS_separate,D1_22_reconstruction,NOT_HARDWARE_VERIFIED
305,10,Passive/PRI,FeedOB_ratio_index,-0.1555858401438364,VTA_JAWS_separate,D1_22_reconstruction,NOT_HARDWARE_VERIFIED
305,11,Passive/PRI,FeedOB_ratio_index,-1.382994813463458,VTA_JAWS_separate,D1_22_reconstruction,NOT_HARDWARE_VERIFIED
305,12,Passive/PRI,FeedOB_ratio_index,-2.1252593621908766,VTA_JAWS_separate,D1_22_reconstruction,NOT_HARDWARE_VERIFIED
305,13,Passive/PRI,FeedOB_ratio_index,-1.0145339463261511,VTA_JAWS_separate,D1_22_reconstruction,NOT_HARDWARE_VERIFIED
305,14,Passive/PRI,FeedOB_ratio_index,-0.4124355619772677,VTA_JAWS_separate,D1_22_reconstruction,NOT_HARDWARE_VERIFIED
305,15,Passive/PRI,FeedOB_ratio_index,-2.83791983292972,VTA_JAWS_separate,D1_22_reconstruction,NOT_HARDWARE_VERIFIED
305,16,Passive/PRI,FeedOB_ratio_index,-0.44786693060733646,VTA_JAWS_separate,D1_22_reconstruction,NOT_HARDWARE_VERIFIED
305,17,Passive/PRI,FeedOB_ratio_index,-0.4572264128372529,VTA_JAWS_separate,D1_22_reconstruction,NOT_HARDWARE_VERIFIED
305,18,Passive/PRI,FeedOB_ratio_index,-0.4138430881164903,VTA_JAWS_separate,D1_22_reconstruction,NOT_HARDWARE_VERIFIED
305,19,Passive/PRI,FeedOB_ratio_index,-2.376306958667135,VTA_JAWS_separate,D1_22_reconstruction,NOT_HARDWARE_VERIFIED
305,20,Passive/PRI,FeedOB_ratio_index,-1.1873676586155817,VTA_JAWS_separate,D1_22_reconstruction,NOT_HARDWARE_VERIFIED
305,21,Passive/PRI,FeedOB_ratio_index,-0.9518349869303634,VTA_JAWS_separate,D1_22_reconstruction,NOT_HARDWARE_VERIFIED
305,22,Passive/PRI,FeedOB_ratio_index,-1.3590639359220371,VTA_JAWS_separate,D1_22_reconstruction,NOT_HARDWARE_VERIFIED
173,1,Passive/PRI,FeedOB_ratio_days,11.794871794871794,NAc_provisional,D1_22_reconstruction,NOT_HARDWARE_VERIFIED
173,2,Passive/PRI,FeedOB_ratio_days,7.377049180327869,NAc_provisional,D1_22_reconstruction,NOT_HARDWARE_VERIFIED
173,3,Passive/PRI,FeedOB_ratio_days,6.303724928366762,NAc_provisional,D1_22_reconstruction,NOT_HARDWARE_VERIFIED
173,4,Passive/PRI,FeedOB_ratio_days,7.777777777777778,NAc_provisional,D1_22_reconstruction,NOT_HARDWARE_VERIFIED
173,5,Passive/PRI,FeedOB_ratio_days,13.615023474178404,NAc_provisional,D1_22_reconstruction,NOT_HARDWARE_VERIFIED
173,6,Passive/PRI,FeedOB_ratio_days,5.673758865248227,NAc_provisional,D1_22_reconstruction,NOT_HARDWARE_VERIFIED
173,7,Passive/PRI,FeedOB_ratio_days,5.755395683453238,NAc_provisional,D1_22_reconstruction,NOT_HARDWARE_VERIFIED
173,8,Passive/PRI,FeedOB_ratio_days,3.1645569620253164,NAc_provisional,D1_22_reconstruction,NOT_HARDWARE_VERIFIED
173,9,Passive/PRI,FeedOB_ratio_days,6.8493150684931505,NAc_provisional,D1_22_reconstruction,NOT_HARDWARE_VERIFIED
173,10,Passive/PRI,FeedOB_ratio_days,11.176470588235295,NAc_provisional,D1_22_reconstruction,NOT_HARDWARE_VERIFIED
173,11,Passive/PRI,FeedOB_ratio_days,3.4722222222222223,NAc_provisional,D1_22_reconstruction,NOT_HARDWARE_VERIFIED
173,12,Passive/PRI,FeedOB_ratio_days,3.910614525139665,NAc_provisional,D1_22_reconstruction,NOT_HARDWARE_VERIFIED
173,13,Passive/PRI,FeedOB_ratio_days,2.575107296137339,NAc_provisional,D1_22_reconstruction,NOT_HARDWARE_VERIFIED
173,14,Passive/PRI,FeedOB_ratio_days,7.092198581560284,NAc_provisional,D1_22_reconstruction,NOT_HARDWARE_VERIFIED
173,15,Passive/PRI,FeedOB_ratio_days,5.298013245033113,NAc_provisional,D1_22_reconstruction,NOT_HARDWARE_VERIFIED
173,16,Passive/PRI,FeedOB_ratio_days,6.598984771573605,NAc_provisional,D1_22_reconstruction,NOT_HARDWARE_VERIFIED
173,17,Passive/PRI,FeedOB_ratio_days,5.333333333333334,NAc_provisional,D1_22_reconstruction,NOT_HARDWARE_VERIFIED
173,18,Passive/PRI,FeedOB_ratio_days,8.088235294117647,NAc_provisional,D1_22_reconstruction,NOT_HARDWARE_VERIFIED
173,19,Passive/PRI,FeedOB_ratio_days,7.453416149068323,NAc_provisional,D1_22_reconstruction,NOT_HARDWARE_VERIFIED
173,20,Passive/PRI,FeedOB_ratio_days,13.793103448275861,NAc_provisional,D1_22_reconstruction,NOT_HARDWARE_VERIFIED
173,21,Passive/PRI,FeedOB_ratio_days,12.605042016806722,NAc_provisional,D1_22_reconstruction,NOT_HARDWARE_VERIFIED
173,22,Passive/PRI,FeedOB_ratio_days,13.270142180094787,NAc_provisional,D1_22_reconstruction,NOT_HARDWARE_VERIFIED
174,1,Passive/PRI,FeedOB_ratio_days,26.132404181184672,NAc_provisional,D1_22_reconstruction,NOT_HARDWARE_VERIFIED
174,2,Passive/PRI,FeedOB_ratio_days,15.936254980079681,NAc_provisional,D1_22_reconstruction,NOT_HARDWARE_VERIFIED
174,3,Passive/PRI,FeedOB_ratio_days,26.970954356846473,NAc_provisional,D1_22_reconstruction,NOT_HARDWARE_VERIFIED
174,4,Passive/PRI,FeedOB_ratio_days,9.719222462203025,NAc_provisional,D1_22_reconstruction,NOT_HARDWARE_VERIFIED
174,5,Passive/PRI,FeedOB_ratio_days,10.92436974789916,NAc_provisional,D1_22_reconstruction,NOT_HARDWARE_VERIFIED
174,6,Passive/PRI,FeedOB_ratio_days,15.384615384615385,NAc_provisional,D1_22_reconstruction,NOT_HARDWARE_VERIFIED
174,7,Passive/PRI,FeedOB_ratio_days,11.224489795918368,NAc_provisional,D1_22_reconstruction,NOT_HARDWARE_VERIFIED
174,8,Passive/PRI,FeedOB_ratio_days,7.974137931034483,NAc_provisional,D1_22_reconstruction,NOT_HARDWARE_VERIFIED
174,9,Passive/PRI,FeedOB_ratio_days,8.552631578947368,NAc_provisional,D1_22_reconstruction,NOT_HARDWARE_VERIFIED
174,10,Passive/PRI,FeedOB_ratio_days,10.51454138702461,NAc_provisional,D1_22_reconstruction,NOT_HARDWARE_VERIFIED
174,11,Passive/PRI,FeedOB_ratio_days,21.428571428571427,NAc_provisional,D1_22_reconstruction,NOT_HARDWARE_VERIFIED
174,12,Passive/PRI,FeedOB_ratio_days,11.796246648793565,NAc_provisional,D1_22_reconstruction,NOT_HARDWARE_VERIFIED
174,13,Passive/PRI,FeedOB_ratio_days,7.046070460704606,NAc_provisional,D1_22_reconstruction,NOT_HARDWARE_VERIFIED
174,14,Passive/PRI,FeedOB_ratio_days,8.212560386473431,NAc_provisional,D1_22_reconstruction,NOT_HARDWARE_VERIFIED
174,15,Passive/PRI,FeedOB_ratio_days,16.236162361623617,NAc_provisional,D1_22_reconstruction,NOT_HARDWARE_VERIFIED
174,16,Passive/PRI,FeedOB_ratio_days,15.96244131455399,NAc_provisional,D1_22_reconstruction,NOT_HARDWARE_VERIFIED
174,17,Passive/PRI,FeedOB_ratio_days,13.740458015267176,NAc_provisional,D1_22_reconstruction,NOT_HARDWARE_VERIFIED
174,18,Passive/PRI,FeedOB_ratio_days,11.294765840220386,NAc_provisional,D1_22_reconstruction,NOT_HARDWARE_VERIFIED
174,19,Passive/PRI,FeedOB_ratio_days,7.202216066481995,NAc_provisional,D1_22_reconstruction,NOT_HARDWARE_VERIFIED
174,20,Passive/PRI,FeedOB_ratio_days,10.344827586206897,NAc_provisional,D1_22_reconstruction,NOT_HARDWARE_VERIFIED
174,21,Passive/PRI,FeedOB_ratio_days,15.326633165829145,NAc_provisional,D1_22_reconstruction,NOT_HARDWARE_VERIFIED
174,22,Passive/PRI,FeedOB_ratio_days,5.343511450381679,NAc_provisional,D1_22_reconstruction,NOT_HARDWARE_VERIFIED
179,1,Passive/PRI,FeedOB_ratio_days,5.487804878048781,NAc_provisional,D1_22_reconstruction,NOT_HARDWARE_VERIFIED
179,2,Passive/PRI,FeedOB_ratio_days,4.487179487179487,NAc_provisional,D1_22_reconstruction,NOT_HARDWARE_VERIFIED
179,3,Passive/PRI,FeedOB_ratio_days,8.695652173913043,NAc_provisional,D1_22_reconstruction,NOT_HARDWARE_VERIFIED
179,4,Passive/PRI,FeedOB_ratio_days,6.804733727810651,NAc_provisional,D1_22_reconstruction,NOT_HARDWARE_VERIFIED
179,5,Passive/PRI,FeedOB_ratio_days,8.423913043478262,NAc_provisional,D1_22_reconstruction,NOT_HARDWARE_VERIFIED
179,6,Passive/PRI,FeedOB_ratio_days,8.59375,NAc_provisional,D1_22_reconstruction,NOT_HARDWARE_VERIFIED
179,7,Passive/PRI,FeedOB_ratio_days,3.508771929824561,NAc_provisional,D1_22_reconstruction,NOT_HARDWARE_VERIFIED
179,8,Passive/PRI,FeedOB_ratio_days,7.981220657276995,NAc_provisional,D1_22_reconstruction,NOT_HARDWARE_VERIFIED
179,9,Passive/PRI,FeedOB_ratio_days,9.523809523809524,NAc_provisional,D1_22_reconstruction,NOT_HARDWARE_VERIFIED
179,10,Passive/PRI,FeedOB_ratio_days,10.67193675889328,NAc_provisional,D1_22_reconstruction,NOT_HARDWARE_VERIFIED
179,11,Passive/PRI,FeedOB_ratio_days,11.224489795918368,NAc_provisional,D1_22_reconstruction,NOT_HARDWARE_VERIFIED
179,12,Passive/PRI,FeedOB_ratio_days,6.741573033707865,NAc_provisional,D1_22_reconstruction,NOT_HARDWARE_VERIFIED
179,13,Passive/PRI,FeedOB_ratio_days,7.5829383886255926,NAc_provisional,D1_22_reconstruction,NOT_HARDWARE_VERIFIED
179,14,Passive/PRI,FeedOB_ratio_days,12.087912087912088,NAc_provisional,D1_22_reconstruction,NOT_HARDWARE_VERIFIED
179,15,Passive/PRI,FeedOB_ratio_days,9.59409594095941,NAc_provisional,D1_22_reconstruction,NOT_HARDWARE_VERIFIED
179,16,Passive/PRI,FeedOB_ratio_days,10.884353741496598,NAc_provisional,D1_22_reconstruction,NOT_HARDWARE_VERIFIED
179,17,Passive/PRI,FeedOB_ratio_days,10.81081081081081,NAc_provisional,D1_22_reconstruction,NOT_HARDWARE_VERIFIED
179,18,Passive/PRI,FeedOB_ratio_days,6.666666666666667,NAc_provisional,D1_22_reconstruction,NOT_HARDWARE_VERIFIED
179,19,Passive/PRI,FeedOB_ratio_days,11.885245901639344,NAc_provisional,D1_22_reconstruction,NOT_HARDWARE_VERIFIED
179,20,Passive/PRI,FeedOB_ratio_days,5.970149253731343,NAc_provisional,D1_22_reconstruction,NOT_HARDWARE_VERIFIED
179,21,Passive/PRI,FeedOB_ratio_days,17.901234567901234,NAc_provisional,D1_22_reconstruction,NOT_HARDWARE_VERIFIED
179,22,Passive/PRI,FeedOB_ratio_days,9.05263157894737,NAc_provisional,D1_22_reconstruction,NOT_HARDWARE_VERIFIED
180,1,Passive/PRI,FeedOB_ratio_days,10.474631751227497,NAc_provisional,D1_22_reconstruction,NOT_HARDWARE_VERIFIED
180,2,Passive/PRI,FeedOB_ratio_days,22.92134831460674,NAc_provisional,D1_22_reconstruction,NOT_HARDWARE_VERIFIED
180,3,Passive/PRI,FeedOB_ratio_days,8.125,NAc_provisional,D1_22_reconstruction,NOT_HARDWARE_VERIFIED
180,4,Passive/PRI,FeedOB_ratio_days,26.01880877742947,NAc_provisional,D1_22_reconstruction,NOT_HARDWARE_VERIFIED
180,5,Passive/PRI,FeedOB_ratio_days,24.166666666666668,NAc_provisional,D1_22_reconstruction,NOT_HARDWARE_VERIFIED
180,6,Passive/PRI,FeedOB_ratio_days,13.651877133105803,NAc_provisional,D1_22_reconstruction,NOT_HARDWARE_VERIFIED
180,7,Passive/PRI,FeedOB_ratio_days,14.164305949008499,NAc_provisional,D1_22_reconstruction,NOT_HARDWARE_VERIFIED
180,8,Passive/PRI,FeedOB_ratio_days,21.59090909090909,NAc_provisional,D1_22_reconstruction,NOT_HARDWARE_VERIFIED
180,9,Passive/PRI,FeedOB_ratio_days,15.492957746478872,NAc_provisional,D1_22_reconstruction,NOT_HARDWARE_VERIFIED
180,10,Passive/PRI,FeedOB_ratio_days,10.905349794238683,NAc_provisional,D1_22_reconstruction,NOT_HARDWARE_VERIFIED
180,11,Passive/PRI,FeedOB_ratio_days,8.547008547008547,NAc_provisional,D1_22_reconstruction,NOT_HARDWARE_VERIFIED
180,12,Passive/PRI,FeedOB_ratio_days,7.875894988066825,NAc_provisional,D1_22_reconstruction,NOT_HARDWARE_VERIFIED
180,13,Passive/PRI,FeedOB_ratio_days,16.761363636363637,NAc_provisional,D1_22_reconstruction,NOT_HARDWARE_VERIFIED
180,14,Passive/PRI,FeedOB_ratio_days,2.981651376146789,NAc_provisional,D1_22_reconstruction,NOT_HARDWARE_VERIFIED
180,15,Passive/PRI,FeedOB_ratio_days,16.612377850162865,NAc_provisional,D1_22_reconstruction,NOT_HARDWARE_VERIFIED
180,16,Passive/PRI,FeedOB_ratio_days,9.569377990430622,NAc_provisional,D1_22_reconstruction,NOT_HARDWARE_VERIFIED
180,17,Passive/PRI,FeedOB_ratio_days,14.105793450881613,NAc_provisional,D1_22_reconstruction,NOT_HARDWARE_VERIFIED
180,18,Passive/PRI,FeedOB_ratio_days,12.997903563941298,NAc_provisional,D1_22_reconstruction,NOT_HARDWARE_VERIFIED
180,19,Passive/PRI,FeedOB_ratio_days,11.060948081264108,NAc_provisional,D1_22_reconstruction,NOT_HARDWARE_VERIFIED
180,20,Passive/PRI,FeedOB_ratio_days,10.9375,NAc_provisional,D1_22_reconstruction,NOT_HARDWARE_VERIFIED
180,21,Passive/PRI,FeedOB_ratio_days,14.068441064638785,NAc_provisional,D1_22_reconstruction,NOT_HARDWARE_VERIFIED
180,22,Passive/PRI,FeedOB_ratio_days,9.278350515463918,NAc_provisional,D1_22_reconstruction,NOT_HARDWARE_VERIFIED
184,1,Passive/PRI,FeedOB_ratio_days,0.0,NAc_provisional,D1_22_reconstruction,NOT_HARDWARE_VERIFIED
184,2,Passive/PRI,FeedOB_ratio_days,7.462686567164178,NAc_provisional,D1_22_reconstruction,NOT_HARDWARE_VERIFIED
184,3,Passive/PRI,FeedOB_ratio_days,16.129032258064516,NAc_provisional,D1_22_reconstruction,NOT_HARDWARE_VERIFIED
184,4,Passive/PRI,FeedOB_ratio_days,11.16751269035533,NAc_provisional,D1_22_reconstruction,NOT_HARDWARE_VERIFIED
184,5,Passive/PRI,FeedOB_ratio_days,5.037783375314862,NAc_provisional,D1_22_reconstruction,NOT_HARDWARE_VERIFIED
184,6,Passive/PRI,FeedOB_ratio_days,8.635097493036211,NAc_provisional,D1_22_reconstruction,NOT_HARDWARE_VERIFIED
184,7,Passive/PRI,FeedOB_ratio_days,10.727969348659004,NAc_provisional,D1_22_reconstruction,NOT_HARDWARE_VERIFIED
184,8,Passive/PRI,FeedOB_ratio_days,7.4074074074074066,NAc_provisional,D1_22_reconstruction,NOT_HARDWARE_VERIFIED
184,9,Passive/PRI,FeedOB_ratio_days,11.965811965811966,NAc_provisional,D1_22_reconstruction,NOT_HARDWARE_VERIFIED
184,10,Passive/PRI,FeedOB_ratio_days,9.523809523809524,NAc_provisional,D1_22_reconstruction,NOT_HARDWARE_VERIFIED
184,11,Passive/PRI,FeedOB_ratio_days,10.230179028132993,NAc_provisional,D1_22_reconstruction,NOT_HARDWARE_VERIFIED
184,12,Passive/PRI,FeedOB_ratio_days,18.6046511627907,NAc_provisional,D1_22_reconstruction,NOT_HARDWARE_VERIFIED
184,13,Passive/PRI,FeedOB_ratio_days,11.636363636363637,NAc_provisional,D1_22_reconstruction,NOT_HARDWARE_VERIFIED
184,14,Passive/PRI,FeedOB_ratio_days,11.255411255411255,NAc_provisional,D1_22_reconstruction,NOT_HARDWARE_VERIFIED
184,15,Passive/PRI,FeedOB_ratio_days,17.972350230414747,NAc_provisional,D1_22_reconstruction,NOT_HARDWARE_VERIFIED
184,16,Passive/PRI,FeedOB_ratio_days,13.596491228070176,NAc_provisional,D1_22_reconstruction,NOT_HARDWARE_VERIFIED
184,17,Passive/PRI,FeedOB_ratio_days,10.122699386503067,NAc_provisional,D1_22_reconstruction,NOT_HARDWARE_VERIFIED
184,18,Passive/PRI,FeedOB_ratio_days,16.585365853658537,NAc_provisional,D1_22_reconstruction,NOT_HARDWARE_VERIFIED
184,19,Passive/PRI,FeedOB_ratio_days,19.52191235059761,NAc_provisional,D1_22_reconstruction,NOT_HARDWARE_VERIFIED
184,20,Passive/PRI,FeedOB_ratio_days,10.839160839160838,NAc_provisional,D1_22_reconstruction,NOT_HARDWARE_VERIFIED
184,21,Passive/PRI,FeedOB_ratio_days,14.603174603174605,NAc_provisional,D1_22_reconstruction,NOT_HARDWARE_VERIFIED
184,22,Passive/PRI,FeedOB_ratio_days,12.727272727272727,NAc_provisional,D1_22_reconstruction,NOT_HARDWARE_VERIFIED
305,1,Passive/PRI,FeedOB_ratio_days,9.00900900900901,VTA_JAWS_separate,D1_22_reconstruction,NOT_HARDWARE_VERIFIED
305,2,Passive/PRI,FeedOB_ratio_days,13.333333333333334,VTA_JAWS_separate,D1_22_reconstruction,NOT_HARDWARE_VERIFIED
305,3,Passive/PRI,FeedOB_ratio_days,6.0109289617486334,VTA_JAWS_separate,D1_22_reconstruction,NOT_HARDWARE_VERIFIED
305,4,Passive/PRI,FeedOB_ratio_days,7.474747474747474,VTA_JAWS_separate,D1_22_reconstruction,NOT_HARDWARE_VERIFIED
305,5,Passive/PRI,FeedOB_ratio_days,2.6923076923076925,VTA_JAWS_separate,D1_22_reconstruction,NOT_HARDWARE_VERIFIED
305,6,Passive/PRI,FeedOB_ratio_days,3.3333333333333335,VTA_JAWS_separate,D1_22_reconstruction,NOT_HARDWARE_VERIFIED
305,7,Passive/PRI,FeedOB_ratio_days,10.526315789473683,VTA_JAWS_separate,D1_22_reconstruction,NOT_HARDWARE_VERIFIED
305,8,Passive/PRI,FeedOB_ratio_days,9.313725490196079,VTA_JAWS_separate,D1_22_reconstruction,NOT_HARDWARE_VERIFIED
305,9,Passive/PRI,FeedOB_ratio_days,8.49056603773585,VTA_JAWS_separate,D1_22_reconstruction,NOT_HARDWARE_VERIFIED
305,10,Passive/PRI,FeedOB_ratio_days,13.807531380753138,VTA_JAWS_separate,D1_22_reconstruction,NOT_HARDWARE_VERIFIED
305,11,Passive/PRI,FeedOB_ratio_days,16.417910447761194,VTA_JAWS_separate,D1_22_reconstruction,NOT_HARDWARE_VERIFIED
305,12,Passive/PRI,FeedOB_ratio_days,9.243697478991598,VTA_JAWS_separate,D1_22_reconstruction,NOT_HARDWARE_VERIFIED
305,13,Passive/PRI,FeedOB_ratio_days,7.7994428969359335,VTA_JAWS_separate,D1_22_reconstruction,NOT_HARDWARE_VERIFIED
305,14,Passive/PRI,FeedOB_ratio_days,10.191082802547772,VTA_JAWS_separate,D1_22_reconstruction,NOT_HARDWARE_VERIFIED
305,15,Passive/PRI,FeedOB_ratio_days,10.460251046025103,VTA_JAWS_separate,D1_22_reconstruction,NOT_HARDWARE_VERIFIED
305,16,Passive/PRI,FeedOB_ratio_days,9.2,VTA_JAWS_separate,D1_22_reconstruction,NOT_HARDWARE_VERIFIED
305,17,Passive/PRI,FeedOB_ratio_days,9.012875536480687,VTA_JAWS_separate,D1_22_reconstruction,NOT_HARDWARE_VERIFIED
305,18,Passive/PRI,FeedOB_ratio_days,8.450704225352112,VTA_JAWS_separate,D1_22_reconstruction,NOT_HARDWARE_VERIFIED
305,19,Passive/PRI,FeedOB_ratio_days,6.132075471698113,VTA_JAWS_separate,D1_22_reconstruction,NOT_HARDWARE_VERIFIED
305,20,Passive/PRI,FeedOB_ratio_days,9.178743961352657,VTA_JAWS_separate,D1_22_reconstruction,NOT_HARDWARE_VERIFIED
305,21,Passive/PRI,FeedOB_ratio_days,6.382978723404255,VTA_JAWS_separate,D1_22_reconstruction,NOT_HARDWARE_VERIFIED
305,22,Passive/PRI,FeedOB_ratio_days,5.603448275862069,VTA_JAWS_separate,D1_22_reconstruction,NOT_HARDWARE_VERIFIED
