SessionANM,AnmID,AnchorStart_FP,ActionBoutDur_FP,event_type
18_16,18,2504.82950334038,0.119999999999891,active
1_16,1,1456.49767595201,0.119999999999891,active
18_16,18,2309.6739781135,0.119999999999891,active
1_16,1,2194.80436573261,0.119999999999891,active
18_16,18,2366.63070804988,0.119999999999891,active
3_13,3,1448.57984357997,0.119999999999891,active
1_16,1,2926.71874269163,0.119999999999891,active
1_16,1,2781.8371712667,0.119999999999891,active
18_16,18,3021.18960133557,0.119999999999891,active
18_16,18,465.128522168305,0.120000000000005,active
19_16,19,928.582947860484,0.120000000000005,active
1_16,1,2771.45433018526,0.120000000000346,active
18_16,18,2729.86402407972,0.120000000000346,active
5_157,5,1562.76077801011,0.423152212489413,active
4_157,4,2426.27761157202,0.500946778490743,active
4_157,4,3408.33263180287,0.510763753170522,active
6_157,6,906.134883337045,0.547720044568564,active
6_157,6,759.403510731332,0.560711430051242,active
18_16,18,2404.03985736162,0.578897343425524,active
18_16,18,2800.57716879449,0.611897141895952,active
4_157,4,2842.71792870799,0.613344038843934,active
1_16,1,2852.57128526596,0.616402871221908,active
18_16,18,2637.49596128527,0.622679943850926,active
6_157,6,2565.58423374169,0.671378466518036,active
18_16,18,1637.20031954191,0.69126716130063,active
4_157,4,3023.2006889593,0.693194757113361,active
19_16,19,1073.75236279684,0.716104466213892,active
1_16,1,2488.10287865871,0.757326072098749,active
35_13,35,1820.36591932885,0.826049058868193,active
6_157,6,1129.73159475689,0.855621023250933,active
27_17,27,341.892604141203,0.881828672898394,active
27_17,27,1994.20592820154,0.884529620910143,active
6_157,6,1824.4292978043,1.0116152726855,active
6_157,6,1696.61286644859,1.02163088708357,active
6_157,6,2434.3759449253,1.02262264976753,active
4_157,4,1855.97137713731,1.05222926290912,active
6_157,6,3259.08717384693,1.07474919324932,active
27_17,27,2133.58214344528,1.09505765977474,active
3_13,3,2616.3430446787,1.10323949716576,active
6_157,6,734.510124652769,1.11163672849466,active
6_157,6,861.698298993869,1.13796425915666,active
6_157,6,3229.05869163736,1.14422012043315,active
6_157,6,1163.67227879473,1.18861672134949,active
6_157,6,3305.22028839888,1.21880325956681,active
4_157,4,1290.7974833486,1.22176507394374,active
6_157,6,484.592601544823,1.259906946174,active
3_13,3,2388.7639847482,1.28660579525922,active
27_17,27,2260.67471195759,1.28915245432245,active
6_157,6,843.662067078385,1.31803349632344,active
4_157,4,2235.45680037651,1.32414452542844,active
4_157,4,2144.73677802585,1.33052743960388,active
4_157,4,647.291887238999,1.3411707844848,active
6_157,6,2487.88237715004,1.35296541420485,active
6_157,6,3580.42533827367,1.3569487492332,active
6_157,6,3382.67920366975,1.3798026017148,active
6_157,6,3287.93754392469,1.38084350502186,active
6_157,6,2028.73775958007,1.40405337864695,active
27_17,27,3729.99502201327,1.40543283208535,active
5_157,5,1889.43206921259,1.40973182569314,active
6_157,6,1610.59092695265,1.41217345409905,active
18_16,18,1995.22739628795,1.4202060619748,active
6_157,6,1385.62130126464,1.44705279011828,active
35_13,35,2993.78865234484,1.47113326735825,active
4_157,4,342.945775268166,1.48896390396953,active
6_157,6,1624.98245008232,1.49392845263628,active
27_17,27,2701.71008746094,1.50855412888995,active
6_157,6,2847.2013523304,1.5131771579272,active
6_157,6,1685.25055435792,1.52172066953017,active
35_13,35,975.121030129543,1.53499379802531,active
6_157,6,3100.74047657183,1.5593987503994,active
18_16,18,1948.86655660746,1.56371526631756,active
27_17,27,2492.66790007782,1.57226974917967,active
27_17,27,209.36495381789,1.58620573497603,active
4_157,4,3351.97948990066,1.58798212775764,active
6_157,6,2832.02601612115,1.59985645419783,active
4_157,4,471.323531618733,1.61763137667265,active
27_17,27,1503.59867005348,1.6336639502963,active
27_17,27,3863.3088979895,1.63462361748998,active
18_16,18,474.658394146257,1.67889036217042,active
18_16,18,379.864997694208,1.72777607099505,active
1_16,1,298.880344800361,1.73782837595166,active
6_157,6,3063.92879161266,1.79018243235896,active
18_16,18,1335.4642326414,1.79590653935315,active
6_157,6,927.752153037675,1.80995405688509,active
5_157,5,2795.92706225856,1.82788571245601,active
6_157,6,147.29083958036,1.82932042147988,active
27_17,27,1403.08880767666,1.86322297236461,active
6_157,6,1656.26947719877,1.86331767342335,active
5_157,5,3543.30518623875,1.87069826371044,active
18_16,18,2426.90385050904,1.88851897067252,active
4_157,4,703.334187892516,1.90049680047764,active
35_13,35,2120.99912117654,1.90687178795997,active
6_157,6,1979.51122546587,1.93076603949953,active
6_157,6,3373.63371578189,1.93938330844594,active
18_16,18,780.574751219226,1.96169235920911,active
18_16,18,1273.92302559454,1.97214666182504,active
1_16,1,2318.69531947451,1.99690214472957,active
19_16,19,1006.87303421189,2.00052356548463,active
4_157,4,2802.01432956136,2.05323855925235,active
18_16,18,484.362451363396,2.06651946749702,active
6_157,6,3180.93527825196,2.07627030758249,active
18_16,18,1585.61786262371,2.07650771801264,active
18_16,18,1826.60182372901,2.07865738923533,active
35_13,35,478.066872093666,2.10743474586997,active
27_17,27,141.920802469829,2.10812928953749,active
27_17,27,2325.65910953387,2.12872126188722,active
1_16,1,276.652938533433,2.13470427819328,active
27_17,27,3747.42378005563,2.1358733142647,active
6_157,6,754.650955415148,2.13708252826802,active
27_17,27,1074.20226606014,2.15155795344117,active
27_17,27,1694.30758588694,2.16833847962857,active
5_157,5,778.367404085201,2.2054197913892,active
6_157,6,274.695591025464,2.21350771089908,active
27_17,27,3492.42185797882,2.22699734429307,active
27_17,27,1153.56083851985,2.23988178273567,active
6_157,6,2890.54623794433,2.25097280414866,active
6_157,6,3156.02467915763,2.27826630336676,active
27_17,27,2869.72586494192,2.29414699847803,active
4_157,4,3544.83250748495,2.30799542800423,active
4_157,4,1776.12071939961,2.33308476513434,active
27_17,27,793.095780611546,2.33345363550382,active
27_17,27,2740.7885372801,2.34239177513518,active
27_17,27,2544.48551364429,2.35601054929748,active
18_16,18,927.884603605673,2.38702057712408,active
27_17,27,1799.35792611132,2.42528338634747,active
27_17,27,2934.21499456276,2.44286995981338,active
6_157,6,127.081160393618,2.4575464442951,active
18_16,18,1878.27285415465,2.48773994470002,active
18_16,18,1393.67253376935,2.50543073487506,active
27_17,27,2811.91201384887,2.52082192589796,active
6_157,6,230.610013941663,2.5601379797688,active
27_17,27,989.070383170805,2.59645650795278,active
27_17,27,1206.6058273498,2.60407277629361,active
4_157,4,1935.33565413947,2.67394118041398,active
3_13,3,3187.13123694242,2.72510646019509,active
6_157,6,3427.20951816807,2.74480826962099,active
18_16,18,949.302323376753,2.80338985967887,active
4_157,4,2933.15503444403,2.82917436695107,active
27_17,27,1344.3597294966,2.84680972211117,active
6_157,6,3093.50410253236,2.86845565135263,active
27_17,27,1263.66434629807,2.88025450468467,active
35_13,35,1204.31809250384,2.89920395962076,active
6_157,6,1479.68279164474,2.94774930338622,active
27_17,27,2393.28793036663,2.95135251678994,active
3_13,3,2569.84756060896,2.9672840382259,active
1_16,1,583.306430349006,2.97632824482628,active
1_16,1,419.272492289729,3.02184761116968,active
27_17,27,3069.56242035502,3.03721216963186,active
6_157,6,2897.07610490517,3.0735029953953,active
6_157,6,3149.94989487382,3.09020130842691,active
27_17,27,3913.85270313913,3.10512439148033,active
5_157,5,3150.41477010316,3.11498154417814,active
27_17,27,1645.99918322265,3.12822380411171,active
27_17,27,1585.08832996634,3.13473238564825,active
27_17,27,290.555112443002,3.1379059398086,active
6_157,6,710.302706791954,3.17322870361329,active
27_17,27,2078.21670271747,3.17387898589004,active
4_157,4,428.29582308412,3.17551288278719,active
3_13,3,3267.80498133636,3.18946989500728,active
6_157,6,2243.11732659839,3.26890711366286,active
4_157,4,1048.35306598221,3.2839542924105,active
6_157,6,3353.30287726158,3.30399941003634,active
3_13,3,3457.93062461427,3.35128839992694,active
4_157,4,3524.91752178745,3.40482261496572,active
4_157,4,1898.55855441553,3.50975066763135,active
5_157,5,2688.73083429351,3.56568122987255,active
27_17,27,2780.87948645577,3.64880094933051,active
27_17,27,1019.12962122972,3.6488095377531,active
27_17,27,699.885942191659,3.68522643632002,active
6_157,6,3311.48652017191,3.70564976471451,active
5_157,5,1326.46420603475,3.75193745830825,active
35_13,35,3529.82360300442,3.79238724715833,active
18_16,18,1175.85173839478,3.88497669301705,active
5_157,5,3355.28735335913,3.90464431714599,active
19_16,19,873.727612851036,3.93456466386954,active
3_13,3,1776.39108201906,3.95091210992041,active
5_157,5,1452.11382508746,3.95242704647239,active
27_17,27,3855.97854650831,3.99256154511795,active
35_13,35,1098.25450284761,4.0350211062671,active
6_157,6,1315.88391821288,4.0852724228605,active
27_17,27,455.607860012274,4.13528641933254,active
27_17,27,2379.200558143,4.20265886275911,active
6_157,6,1724.00500348668,4.22031642215393,active
4_157,4,1363.85066691858,4.23064483859298,active
18_16,18,1535.88617076028,4.30320678567841,active
6_157,6,560.797446402549,4.3630563315088,active
3_13,3,1728.37647734528,4.58300372397662,active
6_157,6,1467.83412007001,4.71267711461087,active
5_157,5,3423.99169603732,4.71964335381927,active
5_157,5,833.625823925466,4.81962827444261,active
27_17,27,1595.79800921551,4.85742701109211,active
4_157,4,1098.61686398439,4.91229775953502,active
19_16,19,489.884340162956,4.9212580378337,active
35_13,35,1511.49324971805,4.98418267662328,active
27_17,27,1141.98161963872,4.99818348235044,active
5_157,5,96.1350998709229,4.99990709365066,active
19_16,19,100.087146104646,5.02111240642472,active
1_16,1,2463.95438730349,5.23346390863298,active
19_16,19,154.228135853229,5.26033096336755,active
6_157,6,369.705672599415,5.2718390033055,active
35_13,35,1266.28622535336,5.33304853062896,active
27_17,27,2252.28386611354,5.57799985686324,active
1_16,1,309.648067428916,5.71856094951181,active
6_157,6,2862.39665239087,5.9400932753897,active
1_16,1,2983.06283161609,6.05443709411247,active
3_13,3,80.0765091606748,6.09354932804597,active
5_157,5,2932.26067717362,6.16639228483155,active
6_157,6,635.897780256582,6.17020362677408,active
6_157,6,476.076369839429,6.21495133532795,active
19_16,19,450.718975501219,6.41458449460163,active
3_13,3,856.95402458864,6.5485396378391,active
6_157,6,3322.60330619411,6.81567416075222,active
35_13,35,2725.3269158403,6.95355897014315,active
3_13,3,2717.40531994698,7.021416558282,active
6_157,6,3170.36807218498,7.10941951549694,active
3_13,3,2933.07243071156,7.22629689360974,active
35_13,35,784.535940943943,7.25696293548208,active
18_16,18,1802.27752889059,7.28095266104469,active
4_157,4,823.01855752206,7.31827980582648,active
1_16,1,2547.52824434737,7.3797686131702,active
5_157,5,3553.64296183262,7.39019711707533,active
5_157,5,908.847936713435,7.52094028025044,active
4_157,4,1460.59821096005,7.7629045939625,active
18_16,18,1749.3115071968,7.83350476819282,active
5_157,5,194.928907072313,7.94625469877323,active
3_13,3,1953.65245174542,8.07661542547044,active
5_157,5,3028.8566407729,8.34817261192029,active
35_13,35,3066.22472437844,8.46332764640056,active
27_17,27,1425.99159920705,8.79587129554602,active
18_16,18,353.538678111386,9.35127919190688,active
35_13,35,2504.78787932734,9.58767376518063,active
4_157,4,2911.78577871831,10.0405811664632,active
35_13,35,2007.39569887846,10.117217175341,active
3_13,3,3426.20378582614,10.2652547349376,active
5_157,5,3432.36002024365,10.3972271595162,active
18_16,18,1439.10661132077,10.5275604267151,active
4_157,4,1131.8976683229,10.8637856365635,active
35_13,35,2107.94386966954,11.2938234288381,active
5_157,5,3231.61232565564,11.6340678039328,active
18_16,18,1918.79151179021,11.7297560630666,active
3_13,3,1889.62073553789,12.1884398313505,active
5_157,5,1015.02130889961,12.2626667843231,active
19_16,19,275.75072038396,12.3383131211087,active
1_16,1,3005.6480940155,12.3441387743324,active
5_157,5,216.518220533642,12.4085672806297,active
35_13,35,1145.52837462814,14.1889086325825,active
3_13,3,785.923242431152,14.689707525215,active
19_16,19,827.046782016619,15.0365441759272,active
19_16,19,1017.78093316734,15.7130869818919,active
18_16,18,43.5317084189534,18.0820573229898,active
4_157,4,1270.7800263241,18.5807983670311,active
5_157,5,2907.01342367002,18.7541662899885,active
5_157,5,1951.41215306898,19.2661165922154,active
5_157,5,2351.76232960774,20.269900047339,active
5_157,5,2635.80077377676,20.3075020175011,active
19_16,19,843.725566684176,22.2587189545221,active
18_16,18,294.610463006087,27.3822609646074,active
5_157,5,3157.07872234304,31.3204885567902,active
5_157,5,1979.70343903473,54.127108466914,active
6_157,6,3057.2305715972,0.119999999999891,passive
19_16,19,1149.65295780754,0.119999999999891,passive
1_16,1,2779.73218833284,0.119999999999891,passive
1_16,1,2451.89860052914,0.119999999999891,passive
18_16,18,457.787924278422,0.120000000000005,passive
1_16,1,1454.07698631408,0.120000000000118,passive
4_157,4,3143.51015904068,0.396261180467718,passive
35_13,35,1141.77273936395,0.404280022135936,passive
6_157,6,1818.87541571741,0.543516740199266,passive
4_157,4,3091.27332485847,0.55708773987044,passive
19_16,19,75.9880556149274,0.979635295283146,passive
18_16,18,2107.97690545447,1.06331746331762,passive
6_157,6,895.296059544831,1.35266457004661,passive
6_157,6,1107.45909247875,1.50113073422358,passive
5_157,5,2254.07902854289,1.50917176364737,passive
6_157,6,1541.22759633609,1.53041262389365,passive
6_157,6,1252.06400871695,1.63162592915273,passive
6_157,6,225.472906639005,1.63353378145507,passive
6_157,6,2048.58272677029,1.65029242724631,passive
6_157,6,1290.82406103206,1.65669791069104,passive
18_16,18,66.0008616865333,1.67661299024374,passive
6_157,6,1601.31419060511,1.68643235681793,passive
6_157,6,1455.48812042668,1.71829666354324,passive
1_16,1,3002.09956094526,1.7596985327782,passive
19_16,19,216.264180106677,1.78321953471897,passive
6_157,6,1702.94920982316,1.78878367654943,passive
35_13,35,3525.62479910256,1.79510523531872,passive
4_157,4,591.029619691438,1.79686622681709,passive
6_157,6,3404.10774292478,1.81806639232673,passive
6_157,6,3418.33453291129,1.84714540886216,passive
6_157,6,3597.07703271893,1.86799565995125,passive
6_157,6,3524.29854614814,1.94634919041073,passive
6_157,6,3570.66211109249,1.99791272699986,passive
6_157,6,669.900461866931,2.02417298833745,passive
6_157,6,1371.7283434223,2.02495557439011,passive
18_16,18,2303.3807452415,2.0708792101882,passive
6_157,6,3282.99086021104,2.11047735092143,passive
27_17,27,2320.59504575687,2.14452645955862,passive
6_157,6,1675.20115916586,2.1533047203427,passive
6_157,6,2479.45532261158,2.22872674503697,passive
6_157,6,1346.67325032828,2.25209169932918,passive
6_157,6,2882.04777238283,2.27766269577069,passive
35_13,35,1862.82029582938,2.28606402831633,passive
27_17,27,1956.30732051846,2.33834525172756,passive
6_157,6,580.074196634195,2.3447716790364,passive
27_17,27,1412.13672678129,2.44736131865056,passive
6_157,6,2267.76133316833,2.48173716332758,passive
27_17,27,1495.42242435055,2.48773041948471,passive
6_157,6,2560.32029552806,2.50851101862463,passive
18_16,18,2499.63664713739,2.52720723605353,passive
6_157,6,2575.7870311428,2.53326594660348,passive
1_16,1,2978.65719357524,2.54726411240745,passive
4_157,4,2322.70655360588,2.54913567304857,passive
18_16,18,2489.36854712183,2.56296252343327,passive
6_157,6,1557.84334711168,2.64419844086297,passive
27_17,27,3738.25704206817,2.65841033225479,passive
27_17,27,1337.26867479971,2.65997173059986,passive
27_17,27,3054.78395785252,2.70534374690305,passive
19_16,19,445.37481669259,2.70683443084272,passive
19_16,19,46.6325380626498,2.70762917917924,passive
27_17,27,1004.70230334984,2.85068425338773,passive
6_157,6,1938.69550421999,2.90669437770725,passive
19_16,19,1012.22788684775,2.92820188091503,passive
5_157,5,271.562261054041,2.93117300795507,passive
4_157,4,1843.86874202242,2.9500505088331,passive
6_157,6,528.362050523445,2.99140569796623,passive
6_157,6,1645.33102750539,3.02990343672786,passive
27_17,27,2794.79503064685,3.06405632722908,passive
6_157,6,3344.94031450317,3.07306720120869,passive
5_157,5,46.5775360003098,3.09797675139378,passive
5_157,5,1866.39414166059,3.11375499079645,passive
27_17,27,2008.54175997335,3.23786247377461,passive
4_157,4,713.340758586021,3.28268911011378,passive
18_16,18,2599.67279449502,3.35502982695698,passive
6_157,6,3083.49018193731,3.3736074859271,passive
27_17,27,283.657385096339,3.41863706863808,passive
4_157,4,375.844383745581,3.44283489935481,passive
1_16,1,2482.8452879358,3.47343054342173,passive
5_157,5,1437.08258574331,3.49142945606877,passive
27_17,27,1772.25121228611,3.52455318455191,passive
27_17,27,2534.84132740938,3.52996646587553,passive
27_17,27,2002.39938501539,3.53102580118184,passive
18_16,18,2360.1235212491,3.54980759147065,passive
27_17,27,2851.28908287367,3.58983293313031,passive
5_157,5,1392.20565134293,3.5927209225199,passive
6_157,6,3251.53344384221,3.65776207724048,passive
27_17,27,89.7651739349744,3.65842705529623,passive
27_17,27,1394.03484742421,3.67109886878484,passive
6_157,6,722.871244312878,3.73606845870336,passive
5_157,5,1678.14524355314,3.7685822307626,passive
27_17,27,3899.75684044646,3.80176729041341,passive
27_17,27,3846.39403892681,3.84307071714056,passive
27_17,27,2482.19555197901,3.86287381347893,passive
27_17,27,1127.30715590924,3.86428269635985,passive
27_17,27,3722.60350593356,3.86783965085306,passive
27_17,27,1446.32756304018,3.87046594853018,passive
1_16,1,302.757776016522,3.93530418053103,passive
1_16,1,3526.26110823695,3.9445105667628,passive
5_157,5,897.682494903455,3.9590915403902,passive
27_17,27,1197.74293608546,3.9683225648223,passive
27_17,27,778.142221278369,4.02888069691789,passive
4_157,4,983.021896134147,4.07704202205491,passive
6_157,6,1047.03739865889,4.08648188890652,passive
27_17,27,2919.83636091077,4.09370509447626,passive
27_17,27,2759.82151911879,4.10598962282575,passive
6_157,6,2822.62302227401,4.13506201512064,passive
4_157,4,531.828874355541,4.14942923962326,passive
27_17,27,911.064550481837,4.18070256742237,passive
4_157,4,2244.59289715164,4.18902193418444,passive
19_16,19,17.9725271953579,4.21250014759904,passive
6_157,6,2777.93794604976,4.24330872608243,passive
27_17,27,1250.87822873581,4.26009361736214,passive
18_16,18,2722.76570595304,4.28328455727205,passive
18_16,18,2475.12696142583,4.29207423168873,passive
18_16,18,2550.05099716983,4.32682145860781,passive
35_13,35,355.711032998253,4.35027882359645,passive
27_17,27,3464.14864087961,4.35490715027208,passive
18_16,18,13.0054396916228,4.38255003658467,passive
27_17,27,2694.18248686936,4.39636228231939,passive
5_157,5,1255.64292596581,4.40505199713971,passive
18_16,18,3539.78832184169,4.43869264061595,passive
5_157,5,924.980341005051,4.54183026734108,passive
27_17,27,434.157117611082,4.55971045677848,passive
1_16,1,2312.32769825451,4.60389245173383,passive
27_17,27,1687.50193032323,4.62407254240748,passive
3_13,3,73.2907456811553,4.63973098492669,passive
6_157,6,1152.02590041727,4.68324467145885,passive
27_17,27,2367.98513245757,4.72211059176243,passive
6_157,6,2088.5862174029,4.75924823920786,passive
5_157,5,1931.28944127854,4.80841482590631,passive
27_17,27,2240.01735319393,4.81953558578789,passive
5_157,5,1368.10791553643,4.90218374459732,passive
4_157,4,1804.57757705664,4.93516824240237,passive
27_17,27,1629.12542572427,5.02204215045936,passive
27_17,27,1572.5210236777,5.08522608216185,passive
3_13,3,236.696045991125,5.08574906741543,passive
6_157,6,548.13972309857,5.11743872990348,passive
3_13,3,1978.20877815992,5.252197915343,passive
5_157,5,764.529068554686,5.26830744450308,passive
5_157,5,2604.84501971816,5.27458176549953,passive
4_157,4,2028.05241430689,5.50729388025684,passive
3_13,3,3164.48611671272,5.52348704838823,passive
18_16,18,1870.84790522605,5.56677294944302,passive
1_16,1,2845.04092384946,5.61421741266304,passive
4_157,4,2116.91358990049,5.6414867731396,passive
4_157,4,2415.09931307756,5.69928988610536,passive
27_17,27,2064.14064448463,5.71691907301511,passive
18_16,18,2791.8863156071,5.84721455995441,passive
4_157,4,2208.79511700313,5.86480413437403,passive
19_16,19,330.893872170037,5.99033237713672,passive
5_157,5,78.2106466648898,6.00800610657075,passive
27_17,27,332.953617793939,6.05908610397779,passive
4_157,4,3336.80951847023,6.18983071403954,passive
18_16,18,344.746365329409,6.33126497779813,passive
5_157,5,3139.58667588597,6.39462131828077,passive
5_157,5,822.767471543676,6.47274885446529,passive
4_157,4,462.87765960857,6.50095786872208,passive
4_157,4,911.766098659915,6.53998162423352,passive
18_16,18,2841.53718546213,6.59347335904613,passive
18_16,18,1682.66839504412,6.80484028492992,passive
35_13,35,469.361038357182,6.8531966206383,passive
5_157,5,1004.68776444072,7.0398117251583,passive
27_17,27,1062.35095033455,7.06219572735176,passive
18_16,18,2378.91795593146,7.21372380750336,passive
19_16,19,1124.32028615889,7.38957910650561,passive
1_16,1,573.330899019883,7.39388244862857,passive
18_16,18,1938.25605300148,7.49289933634259,passive
5_157,5,2785.40264739294,7.76889168135676,passive
27_17,27,679.73460704395,7.78147469603243,passive
5_157,5,585.244004673451,7.87874332177,passive
4_157,4,2823.75164975817,7.89464431695797,passive
5_157,5,2890.85734228352,7.91231684809782,passive
19_16,19,1044.05627912885,7.92646210295629,passive
4_157,4,3392.78736329394,8.01541115664259,passive
18_16,18,2025.50842946318,8.0568223825835,passive
19_16,19,1186.77186794882,8.06175459168799,passive
27_17,27,213.751287622565,8.30416305263924,passive
19_16,19,89.3257051777841,8.46489990783816,passive
27_17,27,2119.5918183326,8.47303987519763,passive
4_157,4,2543.14569352581,8.4772368292206,passive
3_13,3,3233.59467784775,8.59700364259743,passive
18_16,18,324.935072619352,8.63156238706222,passive
5_157,5,2472.94208018831,8.68522997949412,passive
5_157,5,3457.07976332497,8.87548717835762,passive
3_13,3,3396.71415635515,9.07995316599863,passive
3_13,3,2849.15994743456,9.25004424545477,passive
4_157,4,3501.95605346414,9.37842650476523,passive
1_16,1,265.454981702279,9.50205909899915,passive
18_16,18,1000.6802108878,9.54888011638195,passive
27_17,27,2052.53285528237,9.56957294319272,passive
18_16,18,1155.29842187815,9.61266362756328,passive
4_157,4,325.161168888301,9.81129844972816,passive
5_157,5,3412.30388204901,9.88811512683606,passive
18_16,18,881.664407515372,9.98607371622495,passive
35_13,35,2093.7077584426,10.2352153770244,passive
4_157,4,3312.51885335479,10.393595579666,passive
6_157,6,78.9059437269599,10.5943840442475,passive
35_13,35,1253.84958481352,10.6681275666826,passive
18_16,18,832.293272129242,10.6791047655386,passive
4_157,4,1568.72449678429,10.6935214346445,passive
35_13,35,771.020543435195,10.7796376554363,passive
18_16,18,1261.55758421192,10.7999744821675,passive
35_13,35,2492.29633410311,10.8960689867667,passive
18_16,18,1788.63689551589,10.8988509127935,passive
5_157,5,505.488374342628,11.0829929679665,passive
3_13,3,1763.00862560478,11.2090362047513,passive
4_157,4,1922.08296685503,11.24997313466,passive
19_16,19,767.489326226246,11.35552976729,passive
4_157,4,3005.50810276261,11.6362113531391,passive
4_157,4,2667.58481368514,11.8874473864371,passive
4_157,4,2602.87641101604,12.5770324497234,passive
18_16,18,1417.92497188813,13.0075194872693,passive
18_16,18,1377.84732305063,13.1696209565125,passive
4_157,4,1550.21462843842,13.3781259142645,passive
18_16,18,3551.47912093976,13.6241307026626,passive
35_13,35,1083.13632026359,13.6382746392001,passive
5_157,5,179.164881790737,13.7507869325828,passive
35_13,35,1495.82295308269,13.7905439348972,passive
5_157,5,1238.4522277514,13.7942088282789,passive
35_13,35,1804.2905186841,14.0944656042871,passive
3_13,3,2599.21941010512,14.1567361981902,passive
18_16,18,1616.09392923761,14.1593725297089,passive
18_16,18,691.811629580269,14.3099827502712,passive
1_16,1,518.303922431175,14.3575033381912,passive
35_13,35,1991.14845783319,14.4752544727555,passive
35_13,35,1188.07043875849,14.8028357933636,passive
35_13,35,2708.42154701427,15.1347538816131,passive
3_13,3,2370.2965179019,15.4820798418714,passive
3_13,3,2428.08785726698,15.6919931367406,passive
5_157,5,2374.19632251987,16.0694517966353,passive
5_157,5,693.816417479136,16.7939978646569,passive
18_16,18,216.929798146936,16.8637028629651,passive
3_13,3,217.902086920599,17.2161468383862,passive
4_157,4,3207.71149987569,18.6935802974476,passive
35_13,35,3045.15096468855,19.2592887697911,passive
35_13,35,1120.5131954822,19.41688757625,passive
18_16,18,643.994980990464,20.1340502443378,passive
1_16,1,845.147537546602,20.5273063361074,passive
18_16,18,754.957930086015,21.6320982057689,passive
35_13,35,1831.84646930791,22.0756992659935,passive
5_157,5,2420.55640230586,23.0063141017622,passive
4_157,4,1728.83252214678,23.2708658559388,passive
1_16,1,1053.20508315828,23.3192129632332,passive
35_13,35,3535.71870246492,24.2103738970172,passive
1_16,1,393.554575728684,24.5527372620176,passive
18_16,18,1503.29077673717,26.123352816817,passive
3_13,3,2179.61541493662,27.4556183435429,passive
3_13,3,1923.89443678742,27.8705860766022,passive
35_13,35,2963.88202144748,28.8430668212977,passive
5_157,5,2657.67667055886,29.0650377025158,passive
18_16,18,3464.57552818661,30.0958407111084,passive
18_16,18,387.3550630512,30.5739037167723,passive
5_157,5,3284.42636986239,31.4955960622437,passive
3_13,3,524.078345273548,37.0784988603169,passive
5_157,5,2170.17292725985,49.0571649227695,passive
5_157,5,2291.02103338288,51.5307421317621,passive
4_157,4,1492.55970033764,56.2467873080491,passive
19_16,19,1279.71212149178,0.119999999999891,unrewarded
19_16,19,1272.23372531044,0.119999999999891,unrewarded
19_16,19,1261.04968444194,0.119999999999891,unrewarded
19_16,19,1058.14188281288,0.119999999999891,unrewarded
18_16,18,2097.8932751574,0.119999999999891,unrewarded
18_16,18,2103.81824177198,0.119999999999891,unrewarded
18_16,18,2053.68107587434,0.119999999999891,unrewarded
18_16,18,2080.37107677331,0.119999999999891,unrewarded
18_16,18,2120.89870710635,0.119999999999891,unrewarded
18_16,18,2129.03793842953,0.119999999999891,unrewarded
18_16,18,2755.92683510218,0.119999999999891,unrewarded
18_16,18,2752.5418498551,0.119999999999891,unrewarded
18_16,18,2749.90906353429,0.119999999999891,unrewarded
18_16,18,2622.24780644298,0.119999999999891,unrewarded
18_16,18,3185.78045207979,0.119999999999891,unrewarded
18_16,18,3064.16967187736,0.119999999999891,unrewarded
35_13,35,2216.50983883374,0.119999999999891,unrewarded
18_16,18,2731.96844755469,0.119999999999891,unrewarded
1_16,1,3020.54150882315,0.119999999999891,unrewarded
1_16,1,2608.89271489798,0.119999999999891,unrewarded
1_16,1,3502.30805828498,0.119999999999891,unrewarded
1_16,1,3491.53892604035,0.119999999999891,unrewarded
1_16,1,2961.56469264327,0.119999999999891,unrewarded
18_16,18,2995.31705698672,0.119999999999891,unrewarded
6_157,6,1031.00878631189,0.119999999999891,unrewarded
18_16,18,2803.68036719629,0.119999999999891,unrewarded
18_16,18,2853.25710334058,0.119999999999891,unrewarded
18_16,18,2862.38849080834,0.119999999999891,unrewarded
18_16,18,2890.14241045054,0.119999999999891,unrewarded
18_16,18,2962.25017039406,0.119999999999891,unrewarded
18_16,18,2990.69030395106,0.119999999999891,unrewarded
1_16,1,2586.6275047279,0.119999999999891,unrewarded
1_16,1,2351.67486288145,0.119999999999891,unrewarded
1_16,1,2220.37384098851,0.119999999999891,unrewarded
1_16,1,2535.04740566268,0.119999999999891,unrewarded
1_16,1,2358.34493892182,0.119999999999891,unrewarded
18_16,18,1459.32798189815,0.119999999999891,unrewarded
18_16,18,2610.44835208754,0.119999999999891,unrewarded
18_16,18,2510.04713479254,0.119999999999891,unrewarded
18_16,18,1729.59500179724,0.119999999999891,unrewarded
4_157,4,887.018445173223,0.119999999999891,unrewarded
35_13,35,1738.96907944111,0.119999999999891,unrewarded
27_17,27,1361.19412745223,0.119999999999891,unrewarded
19_16,19,1494.8861374455,0.119999999999891,unrewarded
19_16,19,1327.68246080345,0.119999999999891,unrewarded
4_157,4,3079.59765621549,0.119999999999891,unrewarded
3_13,3,337.67763186073,0.119999999999948,unrewarded
35_13,35,254.72753679072,0.119999999999976,unrewarded
3_13,3,117.623962839288,0.11999999999999,unrewarded
3_13,3,7.89508907726209,0.119999999999999,unrewarded
3_13,3,5.02908800000114,0.12,unrewarded
19_16,19,511.855046716313,0.120000000000005,unrewarded
18_16,18,992.250439383155,0.120000000000005,unrewarded
18_16,18,981.314062578753,0.120000000000005,unrewarded
19_16,19,579.667282565062,0.120000000000005,unrewarded
3_13,3,817.672621344896,0.120000000000005,unrewarded
3_13,3,429.06761175536,0.120000000000005,unrewarded
3_13,3,110.833356688227,0.120000000000005,unrewarded
3_13,3,114.772789942239,0.120000000000005,unrewarded
1_16,1,106.068679555853,0.120000000000005,unrewarded
19_16,19,231.866172652811,0.120000000000005,unrewarded
19_16,19,470.160415803619,0.120000000000005,unrewarded
19_16,19,973.894897384874,0.120000000000005,unrewarded
19_16,19,590.288213478485,0.120000000000005,unrewarded
4_157,4,256.790245695343,0.120000000000005,unrewarded
18_16,18,502.683285869032,0.120000000000005,unrewarded
3_13,3,309.461931877808,0.120000000000005,unrewarded
3_13,3,641.372426366755,0.120000000000005,unrewarded
19_16,19,667.910927109019,0.120000000000005,unrewarded
19_16,19,938.950305257275,0.120000000000005,unrewarded
19_16,19,962.068499376995,0.120000000000005,unrewarded
18_16,18,478.256721343512,0.120000000000005,unrewarded
18_16,18,640.594323019369,0.120000000000005,unrewarded
18_16,18,498.157487810467,0.120000000000005,unrewarded
18_16,18,957.837659805652,0.120000000000005,unrewarded
6_157,6,958.425747422553,0.120000000000005,unrewarded
4_157,4,182.821888653478,0.120000000000005,unrewarded
18_16,18,539.786512198534,0.120000000000005,unrewarded
27_17,27,657.530352475909,0.120000000000005,unrewarded
19_16,19,1313.89966730499,0.120000000000118,unrewarded
19_16,19,1224.56779758746,0.120000000000118,unrewarded
1_16,1,1485.10907914826,0.120000000000118,unrewarded
18_16,18,2087.78180257011,0.120000000000346,unrewarded
18_16,18,2062.48524428043,0.120000000000346,unrewarded
18_16,18,2564.75336647814,0.120000000000346,unrewarded
18_16,18,2514.32180585258,0.120000000000346,unrewarded
4_157,4,2973.35955819815,0.120000000000346,unrewarded
1_16,1,2775.18597363419,0.120000000000346,unrewarded
1_16,1,3138.55394231316,0.120000000000346,unrewarded
18_16,18,2661.32274958068,0.120000000000346,unrewarded
18_16,18,2669.61585295705,0.120000000000346,unrewarded
6_157,6,2977.97236978977,0.262112869349494,unrewarded
1_16,1,3463.96649968748,0.269834373999402,unrewarded
6_157,6,2177.00227091431,0.284317116858347,unrewarded
4_157,4,2397.93132778936,0.292611364411187,unrewarded
1_16,1,2943.59257405527,0.309122502345872,unrewarded
6_157,6,1865.17129502087,0.337395384906586,unrewarded
27_17,27,2832.28046145241,0.346420188203865,unrewarded
18_16,18,1593.30316541984,0.359169608298544,unrewarded
1_16,1,2752.83184150556,0.362555202884778,unrewarded
4_157,4,875.372573014911,0.363166156562329,unrewarded
3_13,3,591.481242076365,0.380713134071584,unrewarded
6_157,6,3001.85701672428,0.38084832389859,unrewarded
6_157,6,2961.42061182887,0.387660308662817,unrewarded
6_157,6,1782.57941800553,0.388951440037999,unrewarded
6_157,6,2284.48198633657,0.392087164704208,unrewarded
6_157,6,3043.60260763227,0.395602840168067,unrewarded
5_157,5,2467.60605502449,0.396513957042316,unrewarded
18_16,18,3456.796319544,0.40037686989308,unrewarded
4_157,4,2306.56483678296,0.402592118387474,unrewarded
5_157,5,1840.39818367336,0.405247652651042,unrewarded
6_157,6,1918.99475544152,0.405987305888402,unrewarded
1_16,1,1717.62971871574,0.406674302292686,unrewarded
3_13,3,2906.54675653721,0.41531545321368,unrewarded
18_16,18,2957.23946101264,0.416673405904021,unrewarded
18_16,18,3110.98526051988,0.428347216323345,unrewarded
6_157,6,3460.27860056116,0.429188354158669,unrewarded
5_157,5,918.131383457982,0.439529889900541,unrewarded
5_157,5,3450.71481457256,0.439756350826883,unrewarded
4_157,4,971.597574065813,0.440270632202441,unrewarded
4_157,4,1623.29550174567,0.441280169959782,unrewarded
18_16,18,2318.96894050055,0.443856978713484,unrewarded
3_13,3,612.915948610481,0.461582962055104,unrewarded
3_13,3,3211.76298767109,0.475469466467075,unrewarded
18_16,18,2938.44009004638,0.489748119882734,unrewarded
18_16,18,2325.94571215251,0.490733722741425,unrewarded
18_16,18,2687.71946870718,0.491001175195834,unrewarded
3_13,3,802.816074629517,0.494726172398828,unrewarded
4_157,4,2468.64732303184,0.510515720366129,unrewarded
35_13,35,1175.59833446286,0.519107177346086,unrewarded
6_157,6,2293.53963722245,0.520775649787083,unrewarded
18_16,18,2897.07193146491,0.524817183462801,unrewarded
19_16,19,949.065684945326,0.525217628030646,unrewarded
6_157,6,1064.07868413359,0.526858746946345,unrewarded
6_157,6,2676.43378444777,0.528127963383668,unrewarded
18_16,18,2787.79867483378,0.531992665574762,unrewarded
1_16,1,2910.25238066569,0.532298159403581,unrewarded
6_157,6,912.740784018252,0.534098518157748,unrewarded
4_157,4,3186.54007398047,0.53741652815188,unrewarded
6_157,6,1278.76473614119,0.538570023318471,unrewarded
6_157,6,3467.16218635474,0.538754301811878,unrewarded
6_157,6,847.033030370409,0.539400204769095,unrewarded
3_13,3,472.784889312129,0.539660838743316,unrewarded
4_157,4,3135.05772778983,0.546079268877293,unrewarded
6_157,6,955.501547557327,0.547946384131365,unrewarded
19_16,19,679.109997929286,0.548110302066789,unrewarded
6_157,6,887.698026101885,0.549030235964892,unrewarded
6_157,6,2612.78118445772,0.549723325854302,unrewarded
6_157,6,3126.65120446789,0.551196423763486,unrewarded
6_157,6,879.591933171155,0.55672603012556,unrewarded
6_157,6,2935.34071893679,0.557080414852862,unrewarded
4_157,4,229.464218793073,0.560916494165241,unrewarded
1_16,1,3140.90634937946,0.563555230226484,unrewarded
6_157,6,1200.64401760319,0.565210674700666,unrewarded
6_157,6,2971.27649621743,0.569139224791797,unrewarded
6_157,6,2386.59708017179,0.569252986267657,unrewarded
18_16,18,2315.26713772131,0.570226638535132,unrewarded
18_16,18,3030.21857071274,0.573169296303149,unrewarded
6_157,6,2163.89714567623,0.575613100546889,unrewarded
19_16,19,551.229326360683,0.577637739002967,unrewarded
19_16,19,360.070967684119,0.577855227533234,unrewarded
4_157,4,1056.88477574257,0.578284143287647,unrewarded
18_16,18,2934.34936795935,0.578470381088664,unrewarded
19_16,19,521.980077682534,0.578934221490499,unrewarded
6_157,6,2956.83954598421,0.579510624466366,unrewarded
18_16,18,2615.29986120094,0.581071181509742,unrewarded
27_17,27,604.040348279833,0.582074226319605,unrewarded
4_157,4,260.610293811902,0.590429126874596,unrewarded
6_157,6,2359.47664027698,0.59049991452639,unrewarded
18_16,18,2115.17925591387,0.591278038107703,unrewarded
35_13,35,610.058153642713,0.601733445142827,unrewarded
18_16,18,3023.91038474183,0.601772752931538,unrewarded
18_16,18,2409.49842368392,0.617329095835885,unrewarded
4_157,4,2869.57743022125,0.619516497416498,unrewarded
18_16,18,868.668882571067,0.642585992750469,unrewarded
4_157,4,1188.50132973495,0.652616880221103,unrewarded
6_157,6,3492.94281480747,0.659585867321312,unrewarded
18_16,18,1360.21063411545,0.659624787788971,unrewarded
1_16,1,242.063896454632,0.674399274771133,unrewarded
6_157,6,2441.95335412505,0.684952199858344,unrewarded
4_157,4,2713.72314547252,0.685738088851849,unrewarded
6_157,6,2321.05922067843,0.693697586976668,unrewarded
19_16,19,538.842317409881,0.694876798230325,unrewarded
4_157,4,2433.30438413766,0.698766645692103,unrewarded
6_157,6,2309.36847659133,0.699705106983856,unrewarded
19_16,19,65.7400592093393,0.70030474448356,unrewarded
6_157,6,1773.45004846368,0.701456020026171,unrewarded
6_157,6,2136.04260756335,0.702303800066602,unrewarded
6_157,6,1988.74690706641,0.711066491488282,unrewarded
4_157,4,961.446664585479,0.712245506644763,unrewarded
6_157,6,2197.11131143283,0.725707102316846,unrewarded
18_16,18,1113.4715122844,0.727031705633863,unrewarded
18_16,18,2132.35608567955,0.735097888265955,unrewarded
18_16,18,2906.97644664849,0.740129708800396,unrewarded
6_157,6,1186.28801011527,0.740443324843,unrewarded
6_157,6,2366.64809527077,0.746716008408839,unrewarded
6_157,6,1222.8504012888,0.747623810330879,unrewarded
1_16,1,1088.88440797959,0.75318639894067,unrewarded
18_16,18,2575.24868634752,0.760118392870936,unrewarded
19_16,19,472.482077268104,0.761837163843779,unrewarded
6_157,6,1396.93393117556,0.766068698323124,unrewarded
18_16,18,2866.70699908706,0.766390345612308,unrewarded
6_157,6,2249.3895908452,0.768870448684538,unrewarded
18_16,18,2764.38898794807,0.769895228219866,unrewarded
18_16,18,2760.62535100211,0.773455226778424,unrewarded
27_17,27,46.7945288626452,0.773524805231702,unrewarded
18_16,18,3034.51589516897,0.780595801922118,unrewarded
1_16,1,838.573453170284,0.782818781601577,unrewarded
6_157,6,3052.09809073697,0.791443669965702,unrewarded
18_16,18,1853.30057672448,0.793869577087435,unrewarded
6_157,6,3395.49769036965,0.799580526559112,unrewarded
18_16,18,2441.41646493548,0.799715329840637,unrewarded
6_157,6,299.962279263528,0.817232240440774,unrewarded
35_13,35,979.009715816265,0.82310416965845,unrewarded
6_157,6,2300.58046524044,0.825122373980321,unrewarded
27_17,27,3037.33533361758,0.832893823029735,unrewarded
35_13,35,1241.02615655151,0.833045027479557,unrewarded
6_157,6,350.123744359604,0.837706994129633,unrewarded
18_16,18,3155.83100736047,0.839586589721875,unrewarded
6_157,6,2121.03624604378,0.840089181324856,unrewarded
19_16,19,584.49944439516,0.844013442467826,unrewarded
6_157,6,2353.25215580774,0.849378764693938,unrewarded
35_13,35,2831.11932806933,0.850198706801166,unrewarded
18_16,18,2832.04528000001,0.850605491252736,unrewarded
4_157,4,549.327495864406,0.85188654642684,unrewarded
35_13,35,307.167627693837,0.852382837817061,unrewarded
3_13,3,625.240687280635,0.853475685016406,unrewarded
6_157,6,1802.42182139635,0.855013240896824,unrewarded
6_157,6,1777.16506440295,0.859621603367032,unrewarded
6_157,6,1074.73242196069,0.865043621658288,unrewarded
6_157,6,1082.28842832749,0.867121530914119,unrewarded
18_16,18,2591.59365851843,0.867990555061169,unrewarded
18_16,18,2434.14784950037,0.870818186548604,unrewarded
6_157,6,3038.08370640011,0.874538142347319,unrewarded
6_157,6,459.10015710112,0.877043249794156,unrewarded
6_157,6,3592.80414342602,0.880942821281678,unrewarded
6_157,6,2751.11726905205,0.884670332462065,unrewarded
6_157,6,2915.86461829391,0.884890725993046,unrewarded
19_16,19,541.8627188322,0.895049578483963,unrewarded
6_157,6,2037.52105887195,0.897105160980345,unrewarded
1_16,1,3516.9589748716,0.905648094780645,unrewarded
6_157,6,2400.51933817726,0.916021292858659,unrewarded
6_157,6,2511.55493859669,0.916108606554644,unrewarded
4_157,4,151.444974938469,0.926333165698509,unrewarded
18_16,18,745.49751349995,0.932833828506773,unrewarded
5_157,5,2046.44285966626,0.947402426247663,unrewarded
19_16,19,442.285406275228,0.94926686683641,unrewarded
19_16,19,415.34715975603,0.953279249324567,unrewarded
19_16,19,61.4428357724131,0.956736650292349,unrewarded
6_157,6,2651.23572856357,0.957044298465462,unrewarded
6_157,6,1212.42519584444,0.958244526487306,unrewarded
6_157,6,2703.5298137669,0.959317706602178,unrewarded
6_157,6,664.780231269193,0.969527509839622,unrewarded
27_17,27,1166.84206166878,0.973847276561628,unrewarded
6_157,6,321.859132165416,0.974321958692599,unrewarded
6_157,6,3200.77734493706,0.974799477270153,unrewarded
27_17,27,379.251690952906,0.977738691396667,unrewarded
35_13,35,809.745358005845,0.977837329283602,unrewarded
4_157,4,2349.88353712823,0.983797643362777,unrewarded
5_157,5,416.607132444135,0.986830282483027,unrewarded
6_157,6,1858.39687891199,0.989519820486294,unrewarded
6_157,6,2908.6830357596,0.998399933541805,unrewarded
4_157,4,1994.70414975271,1.00008188705897,unrewarded
6_157,6,1815.09930103135,1.00591653873835,unrewarded
6_157,6,3217.00394711546,1.01282806327299,unrewarded
1_16,1,360.289022597677,1.01398400580638,unrewarded
6_157,6,212.604594976084,1.01542722981824,unrewarded
4_157,4,3359.95671429938,1.02419025032123,unrewarded
5_157,5,638.473826989719,1.02508593905566,unrewarded
19_16,19,228.919810657583,1.03033103342895,unrewarded
5_157,5,1490.79524918661,1.036804908779,unrewarded
6_157,6,419.551830650376,1.03724716682279,unrewarded
35_13,35,2997.57258757584,1.04272064216639,unrewarded
4_157,4,522.694146486203,1.04308810034411,unrewarded
6_157,6,2102.27464974345,1.04332953624134,unrewarded
6_157,6,2189.9540419676,1.05108916210656,unrewarded
6_157,6,1496.87497235215,1.05183381092183,unrewarded
18_16,18,3039.93606323619,1.07360631913616,unrewarded
6_157,6,1527.84499852804,1.07360939899468,unrewarded
5_157,5,957.978318769636,1.08356946319441,unrewarded
4_157,4,1210.84390681562,1.08372315231691,unrewarded
6_157,6,1850.14920851434,1.08658345500771,unrewarded
27_17,27,858.161249729441,1.08948589977433,unrewarded
6_157,6,2668.82947849094,1.09144163352494,unrewarded
5_157,5,1480.89808105502,1.09550874568936,unrewarded
27_17,27,2562.12124283898,1.09799501338648,unrewarded
6_157,6,2661.00282848458,1.09987986913029,unrewarded
4_157,4,623.634808380168,1.10355857350396,unrewarded
19_16,19,993.494490147777,1.10842466948532,unrewarded
18_16,18,2569.39910593077,1.11252810104634,unrewarded
6_157,6,2414.63797930669,1.11648289064442,unrewarded
3_13,3,107.761021783472,1.12102239068554,unrewarded
6_157,6,2522.65846912707,1.12106212499111,unrewarded
27_17,27,2894.13436155974,1.12419303596789,unrewarded
19_16,19,631.415698595049,1.12513748064055,unrewarded
6_157,6,1767.79980526778,1.12635115435728,unrewarded
4_157,4,3556.9572845401,1.12904150227314,unrewarded
18_16,18,2452.73858811376,1.1324133321059,unrewarded
6_157,6,946.740256933432,1.13410412260396,unrewarded
6_157,6,3273.64688408393,1.1368776541367,unrewarded
27_17,27,1514.35950126451,1.13850791428968,unrewarded
19_16,19,9.92784921643402,1.1397817935835,unrewarded
4_157,4,3287.15851776649,1.13991294039624,unrewarded
35_13,35,1287.6909281812,1.14182542105345,unrewarded
35_13,35,1960.57604351619,1.14285042160213,unrewarded
35_13,35,3118.33375027433,1.15210080728093,unrewarded
35_13,35,3382.44894751974,1.16007748967149,unrewarded
19_16,19,944.162588670144,1.16339629439835,unrewarded
4_157,4,3451.16526758358,1.16399121398172,unrewarded
6_157,6,2994.48892523763,1.16432077854961,unrewarded
6_157,6,2111.52780286759,1.16460684748017,unrewarded
3_13,3,262.146280460337,1.16742285564851,unrewarded
35_13,35,2524.57626345883,1.16939141128569,unrewarded
18_16,18,1098.06169822195,1.1720113185911,unrewarded
18_16,18,2540.82611925748,1.17523357626624,unrewarded
6_157,6,691.157389682533,1.17682670890269,unrewarded
5_157,5,3327.3581761605,1.18892743420201,unrewarded
6_157,6,3239.26398215389,1.1889983688875,unrewarded
35_13,35,3349.91159107426,1.18957944042131,unrewarded
1_16,1,1714.60877323485,1.19185445291214,unrewarded
18_16,18,3448.40044891995,1.19401498420257,unrewarded
18_16,18,2524.42564476543,1.19467474230396,unrewarded
18_16,18,1859.53259374511,1.19849169873942,unrewarded
6_157,6,1510.14049742216,1.20401824183523,unrewarded
4_157,4,2662.69337293224,1.20410708907548,unrewarded
3_13,3,396.505028904759,1.20568236205355,unrewarded
27_17,27,763.722513115808,1.20707980519705,unrewarded
5_157,5,375.540545672563,1.21660092439333,unrewarded
6_157,6,1438.26537094896,1.22198403063658,unrewarded
6_157,6,1520.40423683476,1.22240637720279,unrewarded
1_16,1,199.948832413428,1.22340864231046,unrewarded
35_13,35,486.017147228382,1.22907453776918,unrewarded
19_16,19,459.614751334084,1.22947519874515,unrewarded
1_16,1,78.3731558664256,1.23287584846332,unrewarded
35_13,35,1057.08547672188,1.24085871020316,unrewarded
6_157,6,384.660794123601,1.24518545900014,unrewarded
6_157,6,2211.00226924575,1.24700176617307,unrewarded
6_157,6,1137.47005960006,1.24935396717615,unrewarded
19_16,19,299.331458952007,1.24993723927878,unrewarded
6_157,6,1018.18671779238,1.25564846778445,unrewarded
4_157,4,1700.21183080193,1.25628192563954,unrewarded
6_157,6,1741.63768081419,1.25710646030939,unrewarded
27_17,27,2944.83337062047,1.25885454409263,unrewarded
19_16,19,1214.07426552194,1.2605136927707,unrewarded
6_157,6,2553.04887422477,1.26930360559481,unrewarded
19_16,19,933.688158762704,1.26994803510229,unrewarded
27_17,27,1364.72877927126,1.27046834898647,unrewarded
6_157,6,2643.98767116852,1.28394400356774,unrewarded
6_157,6,309.959169931127,1.28477684201249,unrewarded
1_16,1,232.570182505116,1.28489884351612,unrewarded
3_13,3,92.5238559469852,1.28629260475363,unrewarded
4_157,4,14.1212725783104,1.28802869394796,unrewarded
4_157,4,2574.50283515565,1.28855577966533,unrewarded
6_157,6,1171.60725443761,1.29369047317232,unrewarded
18_16,18,1495.80743246612,1.29381006486301,unrewarded
27_17,27,1114.30502840564,1.29749103921131,unrewarded
27_17,27,503.07211062359,1.29834993836562,unrewarded
4_157,4,2724.8218815957,1.30073878944859,unrewarded
27_17,27,3258.08613775692,1.30477500430379,unrewarded
27_17,27,146.901166939963,1.3066912947705,unrewarded
3_13,3,2578.40769759089,1.31189399676714,unrewarded
27_17,27,1030.05509139271,1.32317726219571,unrewarded
4_157,4,2594.37750918113,1.32865724184103,unrewarded
6_157,6,1360.3499026165,1.33284682043086,unrewarded
27_17,27,2144.19776278259,1.33529044914485,unrewarded
27_17,27,156.895327997352,1.33642906285306,unrewarded
35_13,35,1273.38020283912,1.33688902323183,unrewarded
6_157,6,874.452289538729,1.33846644712992,unrewarded
4_157,4,869.221255563312,1.34118563148172,unrewarded
6_157,6,2539.02499706354,1.34334203524713,unrewarded
19_16,19,13.6009138427983,1.35574502491172,unrewarded
6_157,6,3264.10398282382,1.35946176574998,unrewarded
18_16,18,1767.38881953308,1.36598432027131,unrewarded
6_157,6,610.930175690546,1.36663841598227,unrewarded
18_16,18,2647.86362162778,1.36824229220747,unrewarded
27_17,27,3796.82649224748,1.36939650603244,unrewarded
19_16,19,1285.05106540516,1.37040615829528,unrewarded
1_16,1,3466.48028851233,1.37200064041008,unrewarded
18_16,18,1480.74432235065,1.37997986387768,unrewarded
4_157,4,2645.53780991635,1.38135074557295,unrewarded
18_16,18,2944.55005724381,1.38164249099373,unrewarded
5_157,5,3122.37705880864,1.3823195338482,unrewarded
6_157,6,967.245504429779,1.38536161354682,unrewarded
1_16,1,2929.22372895679,1.39033072794518,unrewarded
4_157,4,3389.57460255283,1.39600526360573,unrewarded
27_17,27,3095.92594094396,1.4031948886909,unrewarded
1_16,1,435.499681328193,1.41088727602624,unrewarded
18_16,18,2153.59451408256,1.41339090599877,unrewarded
1_16,1,180.064934401738,1.41374231295438,unrewarded
6_157,6,825.269000536443,1.41777016556671,unrewarded
1_16,1,282.007170964236,1.41787533921615,unrewarded
27_17,27,2839.09644627631,1.41851875296425,unrewarded
6_157,6,3072.59948905199,1.42086680684542,unrewarded
18_16,18,1087.16960767388,1.42386599316501,unrewarded
19_16,19,968.170051117699,1.42800595714709,unrewarded
6_157,6,2723.33104562466,1.4281927738848,unrewarded
35_13,35,381.453187849963,1.42860180334685,unrewarded
1_16,1,3513.22954803843,1.42935862952345,unrewarded
6_157,6,2606.87159205758,1.44242348015359,unrewarded
1_16,1,542.118075961784,1.44259329546082,unrewarded
19_16,19,57.8363157975099,1.44596115993831,unrewarded
1_16,1,441.839994591171,1.44835051298816,unrewarded
18_16,18,2657.05062791412,1.44853773763452,unrewarded
4_157,4,491.307444815383,1.4574787955782,unrewarded
27_17,27,2714.52272364983,1.46598485815321,unrewarded
18_16,18,1413.42667024795,1.46804717643909,unrewarded
27_17,27,232.226075735679,1.47834715883724,unrewarded
4_157,4,1647.38912643455,1.48239007317807,unrewarded
27_17,27,2464.51961783911,1.48617443945614,unrewarded
35_13,35,825.319661861761,1.48953121538625,unrewarded
4_157,4,2956.68369427501,1.50049093461848,unrewarded
3_13,3,279.084462244557,1.50579695371869,unrewarded
27_17,27,1888.75799197918,1.50801444621516,unrewarded
1_16,1,3460.59934470829,1.50930595581167,unrewarded
19_16,19,477.462447531784,1.51704985337534,unrewarded
27_17,27,3512.76453951602,1.5175158638981,unrewarded
4_157,4,508.68165150231,1.52505263284303,unrewarded
35_13,35,1915.74641352574,1.5251151722648,unrewarded
6_157,6,1764.47087417065,1.52533186744608,unrewarded
18_16,18,2037.05627261724,1.53182277035694,unrewarded
1_16,1,347.654730342079,1.54186948481833,unrewarded
19_16,19,545.619042822701,1.55034944911404,unrewarded
5_157,5,2042.37847664409,1.55329861990867,unrewarded
27_17,27,1046.52204045999,1.55641145999903,unrewarded
6_157,6,592.41996699633,1.56259018020444,unrewarded
6_157,6,1750.17176076096,1.57084067243932,unrewarded
18_16,18,1899.81189248626,1.57229448148678,unrewarded
6_157,6,600.201976909368,1.57660290218655,unrewarded
4_157,4,2510.87224370608,1.57867287716863,unrewarded
35_13,35,990.0637501875,1.57892109156751,unrewarded
18_16,18,2857.2671052725,1.58559461545337,unrewarded
19_16,19,346.914383112258,1.58866328120035,unrewarded
6_157,6,1631.4192306945,1.58926469935705,unrewarded
1_16,1,3497.76949360359,1.59377937880254,unrewarded
3_13,3,291.040909441637,1.59426345956786,unrewarded
19_16,19,35.3060379810951,1.59787813622941,unrewarded
18_16,18,520.718695655217,1.60072399657429,unrewarded
1_16,1,1487.0934670715,1.60595916802981,unrewarded
4_157,4,446.688163603915,1.60707525768242,unrewarded
35_13,35,423.929745491674,1.61031376714186,unrewarded
35_13,35,2521.09711801634,1.61368604535346,unrewarded
5_157,5,3252.59210057667,1.61697944463367,unrewarded
27_17,27,1117.50299788358,1.6199852845732,unrewarded
27_17,27,2979.16705327469,1.62080418767255,unrewarded
5_157,5,2264.21857028498,1.62327105753184,unrewarded
27_17,27,744.65091931951,1.63118357332746,unrewarded
5_157,5,436.949992980608,1.63474074764838,unrewarded
27_17,27,2519.92173229919,1.6398793451599,unrewarded
35_13,35,2529.37206684061,1.64315477698801,unrewarded
27_17,27,1702.58848751518,1.64548499188163,unrewarded
3_13,3,2943.17975146276,1.64579993794587,unrewarded
4_157,4,3454.46212376958,1.64845042567185,unrewarded
27_17,27,3867.56450848094,1.6485149045061,unrewarded
6_157,6,3553.30612788891,1.64927243810826,unrewarded
1_16,1,338.112368676911,1.65026921157755,unrewarded
18_16,18,1772.40219569594,1.66188193111202,unrewarded
19_16,19,1234.86155984577,1.66364207394122,unrewarded
27_17,27,2603.28164580142,1.66364511487427,unrewarded
35_13,35,275.980933732663,1.67395520289585,unrewarded
19_16,19,1175.12432310251,1.67684860661029,unrewarded
4_157,4,1983.68659027666,1.67783569140056,unrewarded
18_16,18,3007.95176499093,1.6802671139917,unrewarded
35_13,35,2613.85269299542,1.68095044495385,unrewarded
3_13,3,87.9890742590874,1.68152992400807,unrewarded
27_17,27,352.437527444345,1.68407637204274,unrewarded
1_16,1,2521.67022071233,1.68451041200706,unrewarded
27_17,27,1521.30173341534,1.69001447303572,unrewarded
27_17,27,312.297391582627,1.69327561070457,unrewarded
19_16,19,112.388740474468,1.69595346477487,unrewarded
19_16,19,1182.18909449612,1.69978518593371,unrewarded
6_157,6,2003.19742094478,1.70193093386661,unrewarded
27_17,27,3820.37877532718,1.7062409194391,unrewarded
18_16,18,1964.86399624114,1.70647587556846,unrewarded
6_157,6,1736.96766575258,1.70760294279285,unrewarded
35_13,35,2820.70788084343,1.70848144297224,unrewarded
5_157,5,2515.8420945503,1.71018377842438,unrewarded
27_17,27,1054.845020272,1.71151672955853,unrewarded
27_17,27,525.172640954466,1.71199797969189,unrewarded
19_16,19,341.08655754133,1.71443818822013,unrewarded
18_16,18,1071.09433233663,1.71722658150748,unrewarded
18_16,18,1957.23731339484,1.72528019850506,unrewarded
27_17,27,1037.84936840058,1.72623279481013,unrewarded
1_16,1,101.758116507601,1.72804511417387,unrewarded
18_16,18,975.093386193791,1.73503306278405,unrewarded
4_157,4,2967.19673319646,1.73980699146068,unrewarded
27_17,27,1745.62243381537,1.75078848098383,unrewarded
1_16,1,70.6222117766536,1.76238272030943,unrewarded
1_16,1,317.82854111748,1.78206056660105,unrewarded
5_157,5,1582.73547925808,1.78616391528976,unrewarded
4_157,4,2989.53425215603,1.79574398609793,unrewarded
35_13,35,269.521528752472,1.80377894384668,unrewarded
27_17,27,814.71062600705,1.81476838734216,unrewarded
6_157,6,1903.06315514894,1.81773717405395,unrewarded
27_17,27,1096.47905970698,1.82317358828459,unrewarded
18_16,18,507.990610077063,1.82712835221753,unrewarded
18_16,18,1279.58716388318,1.82995713504442,unrewarded
18_16,18,1339.75979452323,1.83119159772832,unrewarded
4_157,4,320.261816112365,1.83477617912837,unrewarded
27_17,27,2505.68156075809,1.83699174998537,unrewarded
18_16,18,1225.60881471773,1.83799128298165,unrewarded
1_16,1,95.5194038486177,1.83834104376811,unrewarded
35_13,35,3018.95106014898,1.84214715915232,unrewarded
3_13,3,568.413536831688,1.84317947890099,unrewarded
35_13,35,2205.46429911918,1.84586076915139,unrewarded
19_16,19,436.03983249429,1.84651789644488,unrewarded
27_17,27,932.684455846929,1.85157135325255,unrewarded
4_157,4,1158.16965678755,1.860537556689,unrewarded
6_157,6,2502.33978778781,1.863464203077,unrewarded
35_13,35,389.059763467109,1.86931451707716,unrewarded
4_157,4,3031.87701767118,1.87589497216186,unrewarded
27_17,27,178.12185961873,1.88208109256962,unrewarded
5_157,5,628.828440041328,1.89019865495391,unrewarded
1_16,1,117.810813086163,1.89150364068502,unrewarded
18_16,18,3364.57143726951,1.89969751088756,unrewarded
6_157,6,3454.7770930399,1.89984984010562,unrewarded
6_157,6,340.295218036369,1.90183858961745,unrewarded
5_157,5,168.874816025421,1.90447658392557,unrewarded
27_17,27,2096.8267261368,1.90713619701683,unrewarded
27_17,27,1180.32365487232,1.9148575289762,unrewarded
5_157,5,3495.78572497439,1.91886638541655,unrewarded
3_13,3,179.328438803323,1.92345612953855,unrewarded
19_16,19,310.635934262271,1.9256404490672,unrewarded
19_16,19,1167.07032643028,1.9294801139406,unrewarded
35_13,35,2045.74399769751,1.9437184812723,unrewarded
1_16,1,3469.69758758373,1.94383181236026,unrewarded
27_17,27,2448.18212751718,1.94683770579331,unrewarded
35_13,35,3085.35180512299,1.94713575142305,unrewarded
5_157,5,398.072344676319,1.95254284755782,unrewarded
27_17,27,3553.43702077838,1.96418301507765,unrewarded
1_16,1,2525.28943016235,1.96636506921459,unrewarded
35_13,35,3013.40046662328,1.96776603590069,unrewarded
35_13,35,3343.57162715739,1.97936353202385,unrewarded
19_16,19,138.198568609134,1.98011015653384,unrewarded
1_16,1,74.3793846991432,1.98369466111252,unrewarded
27_17,27,37.4434284052982,1.98997744546679,unrewarded
35_13,35,2852.23971238167,1.99888557501981,unrewarded
27_17,27,1325.26825436246,1.99939096660523,unrewarded
27_17,27,2283.35888937329,2.00789793437525,unrewarded
18_16,18,2641.16355348477,2.00970042261997,unrewarded
19_16,19,6.01490362994549,2.01184366710063,unrewarded
27_17,27,1852.94046753513,2.01194247139165,unrewarded
5_157,5,855.495341151982,2.01367550104681,unrewarded
27_17,27,1024.91223682402,2.01896929281202,unrewarded
1_16,1,2569.66924801102,2.01971561495884,unrewarded
1_16,1,2353.64032345714,2.02034823650001,unrewarded
5_157,5,1517.6812851665,2.04592633527977,unrewarded
27_17,27,2271.46511297616,2.04790484098112,unrewarded
35_13,35,2536.86498414654,2.04828810079016,unrewarded
18_16,18,1848.69018115842,2.05114399430545,unrewarded
1_16,1,605.732470125734,2.0522105490013,unrewarded
35_13,35,2741.7998253274,2.0545425162104,unrewarded
27_17,27,3759.82879203001,2.06063127654215,unrewarded
27_17,27,497.759768403569,2.06167360039348,unrewarded
27_17,27,1274.1480093076,2.06786529991177,unrewarded
1_16,1,1687.94378582763,2.06955399647632,unrewarded
27_17,27,2883.8993816531,2.07402880463314,unrewarded
4_157,4,1784.7672724941,2.08318318571787,unrewarded
27_17,27,1914.96958418591,2.09117643761465,unrewarded
27_17,27,2752.14865587638,2.09162229566073,unrewarded
5_157,5,55.9392051919198,2.09296438578821,unrewarded
27_17,27,2175.18247202007,2.09657937843167,unrewarded
27_17,27,1237.45941316761,2.09711147593521,unrewarded
27_17,27,648.099151409373,2.11051890221211,unrewarded
19_16,19,504.080876173134,2.11329037682452,unrewarded
6_157,6,2380.50704185964,2.12097735742418,unrewarded
27_17,27,543.766776560145,2.12467955363195,unrewarded
1_16,1,425.533175651302,2.13328381785925,unrewarded
18_16,18,2808.72884966694,2.13856033885668,unrewarded
6_157,6,682.774341218475,2.14049841739291,unrewarded
27_17,27,1215.48203257161,2.15127809653791,unrewarded
35_13,35,2651.62193202701,2.1613726692367,unrewarded
6_157,6,2902.07626087625,2.16604668022637,unrewarded
5_157,5,2946.5264502247,2.20351279228862,unrewarded
1_16,1,128.816253256388,2.20426487777004,unrewarded
1_16,1,430.041160655237,2.22386626285811,unrewarded
19_16,19,183.059802003332,2.23803522486872,unrewarded
35_13,35,348.103530855932,2.24310166025282,unrewarded
27_17,27,2554.98234475452,2.24591876800832,unrewarded
35_13,35,2190.17779641744,2.25678489920483,unrewarded
35_13,35,280.895506084066,2.26184483426323,unrewarded
5_157,5,2832.67395686599,2.26606572369519,unrewarded
27_17,27,3926.78231030839,2.26779876952332,unrewarded
35_13,35,3025.27854544717,2.27263765963835,unrewarded
35_13,35,2754.87729644915,2.27353412835282,unrewarded
35_13,35,285.816763076838,2.27813966830973,unrewarded
18_16,18,715.457005572329,2.28125254643624,unrewarded
4_157,4,3267.04873999917,2.28945752128811,unrewarded
35_13,35,342.739826657317,2.30138861082543,unrewarded
18_16,18,1297.16176560068,2.30765304486931,unrewarded
35_13,35,2032.50593946115,2.31180826117497,unrewarded
6_157,6,3196.55692423752,2.32532873637001,unrewarded
5_157,5,2769.62089746247,2.35289374636068,unrewarded
4_157,4,157.799091096386,2.36099446271149,unrewarded
5_157,5,1414.52605764458,2.37141995380989,unrewarded
35_13,35,728.894543919223,2.37396283825717,unrewarded
6_157,6,207.447949770194,2.38398296305516,unrewarded
27_17,27,14.95584974847,2.38490367484234,unrewarded
3_13,3,2974.61986089884,2.38870947632904,unrewarded
27_17,27,1726.44200970183,2.39326641833873,unrewarded
35_13,35,1301.57581069058,2.39402715040819,unrewarded
27_17,27,1462.2146015775,2.3951289945087,unrewarded
5_157,5,633.629199719165,2.39516147656877,unrewarded
35_13,35,2734.48276704778,2.41653100044232,unrewarded
35_13,35,1537.20557686756,2.42048375120316,unrewarded
5_157,5,2144.60360747571,2.43044052333607,unrewarded
35_13,35,2038.80131572744,2.43637064937593,unrewarded
5_157,5,2489.83057927029,2.44830774891943,unrewarded
5_157,5,750.10370416799,2.44897907669645,unrewarded
19_16,19,428.994244168483,2.44995964632614,unrewarded
19_16,19,1263.46657021977,2.45278159516283,unrewarded
3_13,3,3123.88735650233,2.46973936665563,unrewarded
27_17,27,2342.80979297944,2.47329008849601,unrewarded
5_157,5,3106.80016777697,2.47862615754457,unrewarded
1_16,1,169.144516794793,2.48542867682423,unrewarded
6_157,6,3245.25365945621,2.49063603193417,unrewarded
4_157,4,2282.98339713721,2.49318111654611,unrewarded
5_157,5,2259.02458698008,2.49519954789366,unrewarded
4_157,4,1606.38256561355,2.4964196776923,unrewarded
19_16,19,315.663236652062,2.51108118264153,unrewarded
35_13,35,2562.31934337104,2.5131203006199,unrewarded
18_16,18,675.953225440334,2.52066485497824,unrewarded
5_157,5,3262.55594081448,2.52283854717052,unrewarded
18_16,18,788.055830346031,2.53054437950334,unrewarded
1_16,1,3032.64650027903,2.53526832567604,unrewarded
5_157,5,3563.38535809134,2.5410190962325,unrewarded
1_16,1,2056.04333875058,2.54230366822139,unrewarded
1_16,1,219.6380953309,2.54665143988478,unrewarded
5_157,5,594.846123291225,2.5492951352262,unrewarded
19_16,19,1152.87282755838,2.55037228768492,unrewarded
27_17,27,2300.22364050775,2.55521464280582,unrewarded
6_157,6,2809.17340360283,2.56283230331746,unrewarded
18_16,18,1889.3480862629,2.57511626801579,unrewarded
3_13,3,2812.89680343034,2.5781452993433,unrewarded
1_16,1,2574.21944870572,2.59206635984538,unrewarded
4_157,4,1177.76024468294,2.59492040339683,unrewarded
1_16,1,1682.87555395771,2.61088298909067,unrewarded
5_157,5,2534.58890501256,2.61825466627033,unrewarded
5_157,5,949.622007661987,2.62028846421708,unrewarded
35_13,35,2124.95644443574,2.62466179440207,unrewarded
5_157,5,3062.63602283211,2.62603615337366,unrewarded
27_17,27,3886.71228332758,2.63086556291091,unrewarded
35_13,35,1384.30376700709,2.64400034830555,unrewarded
19_16,19,463.872188191084,2.64699849096974,unrewarded
5_157,5,2098.8559778865,2.64780248103079,unrewarded
5_157,5,138.021147605479,2.65871400942308,unrewarded
27_17,27,297.23632988331,2.67146132175145,unrewarded
4_157,4,3086.76623289353,2.6788007669511,unrewarded
27_17,27,2162.43588382553,2.67901486237497,unrewarded
35_13,35,1707.39065407318,2.68372199093392,unrewarded
3_13,3,253.639123697818,2.68465500751776,unrewarded
19_16,19,144.098619019978,2.68540166699415,unrewarded
27_17,27,1313.04478195115,2.69129662849377,unrewarded
5_157,5,3378.36600638275,2.69492449267682,unrewarded
4_157,4,2811.96534782893,2.69636874617163,unrewarded
5_157,5,1274.26923665354,2.69655012828525,unrewarded
19_16,19,290.491398968309,2.69786093168869,unrewarded
35_13,35,1726.22915782797,2.71689148424321,unrewarded
1_16,1,1082.70096613166,2.71863649109673,unrewarded
27_17,27,1160.90273527495,2.7368239437676,unrewarded
6_157,6,3268.23748974093,2.74100199919394,unrewarded
27_17,27,3612.63916603672,2.75121075378865,unrewarded
19_16,19,107.309292164652,2.7528709764252,unrewarded
27_17,27,303.496819427923,2.75820582054303,unrewarded
27_17,27,731.04996490044,2.76156705201436,unrewarded
1_16,1,342.838140568864,2.7652701588479,unrewarded
4_157,4,40.9377966865746,2.77410558023691,unrewarded
18_16,18,3546.52618631123,2.77850850215646,unrewarded
5_157,5,1049.75870779829,2.78274819415924,unrewarded
19_16,19,71.0943719531904,2.7831556174193,unrewarded
35_13,35,1898.67427111292,2.79149062936153,unrewarded
5_157,5,3576.55060875574,2.81406641097328,unrewarded
1_16,1,194.716478348058,2.81425416229467,unrewarded
27_17,27,1833.77455246608,2.81487457189087,unrewarded
35_13,35,2027.63641335161,2.8314184217686,unrewarded
35_13,35,3334.33478634243,2.83234845535981,unrewarded
3_13,3,2404.24129846599,2.87326460173745,unrewarded
5_157,5,605.351556953308,2.87565675349447,unrewarded
5_157,5,847.350340794172,2.87629845137428,unrewarded
3_13,3,1903.5182513663,2.87980455439242,unrewarded
3_13,3,1917.34074362474,2.88097746824133,unrewarded
35_13,35,2954.25516764903,2.88277179454599,unrewarded
4_157,4,2858.55877107646,2.88431499686658,unrewarded
19_16,19,161.30948147244,2.88572882035623,unrewarded
19_16,19,421.020379564875,2.8946756602445,unrewarded
19_16,19,1159.79240185233,2.90460358450332,unrewarded
5_157,5,1425.12921754611,2.90658545260203,unrewarded
18_16,18,1976.39881900287,2.91889440703926,unrewarded
1_16,1,3548.88993068332,2.9225385046434,unrewarded
4_157,4,1592.77481831689,2.92953728298517,unrewarded
18_16,18,72.2323070195606,2.93945358217805,unrewarded
3_13,3,2792.69412539331,2.94264565430649,unrewarded
27_17,27,477.060824587122,2.94618704195824,unrewarded
5_157,5,2269.58959959382,2.94760479141769,unrewarded
27_17,27,2154.03294365458,2.94824090972861,unrewarded
19_16,19,167.427102547709,2.98353621223399,unrewarded
18_16,18,1653.51865071835,2.99489720484871,unrewarded
27_17,27,397.195282776308,2.99599095848913,unrewarded
6_157,6,2941.66974852476,3.01512271587853,unrewarded
3_13,3,2000.72925800927,3.016594646572,unrewarded
1_16,1,188.670903398071,3.01746600823287,unrewarded
27_17,27,1540.09890821207,3.02404826903307,unrewarded
3_13,3,2786.74522299226,3.05766549201871,unrewarded
3_13,3,96.0434776049332,3.08552446099432,unrewarded
35_13,35,1553.69678948792,3.0877495461707,unrewarded
5_157,5,1042.33285765651,3.09672201136527,unrewarded
35_13,35,2139.1112482046,3.10412815165637,unrewarded
1_16,1,599.496286818041,3.11985353826594,unrewarded
1_16,1,594.009626488864,3.14903187032291,unrewarded
27_17,27,2428.00439087503,3.15595570563983,unrewarded
35_13,35,3151.32600476077,3.1666873353829,unrewarded
4_157,4,133.716140892604,3.16763637904779,unrewarded
3_13,3,2738.17291627592,3.17739639087222,unrewarded
27_17,27,585.620739289462,3.18061714411454,unrewarded
27_17,27,850.937860152274,3.18886541942777,unrewarded
27_17,27,3781.99399098998,3.18946764663906,unrewarded
18_16,18,1453.07071191064,3.19097714903728,unrewarded
19_16,19,352.777134126372,3.19297746408256,unrewarded
18_16,18,734.240579508028,3.20226375675884,unrewarded
35_13,35,1282.17424868634,3.2163028562677,unrewarded
3_13,3,1782.07458645245,3.22862266207449,unrewarded
5_157,5,1768.73418818924,3.23220786915704,unrewarded
5_157,5,1594.37396639872,3.2628576977736,unrewarded
27_17,27,3312.51091297476,3.26359477952838,unrewarded
19_16,19,304.380977526289,3.27270554599028,unrewarded
27_17,27,2412.61793629564,3.2884271124617,unrewarded
27_17,27,1488.36305320603,3.29588088566652,unrewarded
4_157,4,602.871974344433,3.3008424657329,unrewarded
18_16,18,683.889221342023,3.32388307005158,unrewarded
35_13,35,1162.40043315783,3.32407060629544,unrewarded
35_13,35,2515.96917244052,3.32704996095617,unrewarded
3_13,3,1860.1029441293,3.33436011447043,unrewarded
5_157,5,744.674818228695,3.37417923103021,unrewarded
6_157,6,2148.74823904311,3.37460276630827,unrewarded
4_157,4,2532.61515567468,3.37485536677514,unrewarded
1_16,1,2874.21154771729,3.37563376034495,unrewarded
35_13,35,3315.96418067888,3.38290716594247,unrewarded
5_157,5,1631.37035611726,3.39521902931529,unrewarded
3_13,3,3343.13081484921,3.42655704041135,unrewarded
1_16,1,588.300000838344,3.47067256734897,unrewarded
3_13,3,25.9604151154598,3.47181324363941,unrewarded
27_17,27,3216.62384924299,3.50629152480815,unrewarded
4_157,4,974.699235291144,3.52117781056154,unrewarded
5_157,5,2410.86284573457,3.52827424279849,unrewarded
35_13,35,2159.20592008404,3.54001227017989,unrewarded
3_13,3,2361.81099854129,3.54542763801737,unrewarded
35_13,35,3519.20370069594,3.58996960963941,unrewarded
35_13,35,1528.8620394594,3.59650602337297,unrewarded
27_17,27,1086.92090505135,3.61320283441728,unrewarded
1_16,1,2946.02648822633,3.62927898228872,unrewarded
19_16,19,1206.30860195458,3.63123030329075,unrewarded
3_13,3,562.587625168632,3.63177896619379,unrewarded
5_157,5,1217.85665337185,3.63575761903326,unrewarded
1_16,1,830.308486171721,3.66267481536738,unrewarded
35_13,35,1691.23745574993,3.69302522686235,unrewarded
27_17,27,262.161705034519,3.69576670582131,unrewarded
1_16,1,236.339831624295,3.7111182679358,unrewarded
5_157,5,1091.73579714477,3.71880501490182,unrewarded
19_16,19,794.3399912037,3.74954334694723,unrewarded
5_157,5,731.36829761174,3.80846076181922,unrewarded
3_13,3,101.907472575492,3.83670782381613,unrewarded
3_13,3,1044.73475130692,3.96652610469891,unrewarded
1_16,1,224.945813961851,3.99437640791589,unrewarded
5_157,5,2051.28246506279,4.00931198930903,unrewarded
5_157,5,1115.35081876601,4.0195939442367,unrewarded
19_16,19,28.9494927392378,4.02883779015719,unrewarded
5_157,5,236.335742542961,4.09288623991085,unrewarded
1_16,1,173.801410571312,4.09783382573562,unrewarded
1_16,1,110.221336991568,4.09978821501781,unrewarded
1_16,1,3146.4065323769,4.10597307637727,unrewarded
5_157,5,621.813227472622,4.15871507178019,unrewarded
35_13,35,2130.33368575362,4.17006164114127,unrewarded
5_157,5,3204.77700128621,4.17933776107066,unrewarded
3_13,3,2766.72743567395,4.18305365196193,unrewarded
35_13,35,2195.93911639258,4.23911829514554,unrewarded
3_13,3,2005.54155982727,4.27965803379448,unrewarded
3_13,3,3505.29314154161,4.30162376404178,unrewarded
5_157,5,3483.79185170116,4.35700460905582,unrewarded
27_17,27,364.847418834048,4.38008205345892,unrewarded
19_16,19,406.250764798763,4.38859883030557,unrewarded
3_13,3,1965.56664704024,4.39378218089109,unrewarded
27_17,27,3011.05225664727,4.43953273070656,unrewarded
35_13,35,1217.02580463078,4.50532333198703,unrewarded
3_13,3,1994.08559187859,4.59110367551625,unrewarded
18_16,18,819.691990592786,4.62465299392045,unrewarded
35_13,35,817.153617518858,4.65141091784528,unrewarded
6_157,6,405.675350603357,4.67066676657458,unrewarded
5_157,5,2974.80154758242,4.71522261489736,unrewarded
35_13,35,2761.85177422858,4.77471383982311,unrewarded
35_13,35,1680.14270043327,4.82726963113737,unrewarded
5_157,5,1742.59298160652,4.87803044213979,unrewarded
27_17,27,2577.74492455183,4.87826645310952,unrewarded
35_13,35,2173.1518905909,4.89890153530723,unrewarded
6_157,6,3116.30045311939,4.93656029021122,unrewarded
1_16,1,1459.10118704509,4.94192761692739,unrewarded
5_157,5,3082.75910242506,4.98328523816099,unrewarded
35_13,35,1209.96465473834,5.00133713915557,unrewarded
3_13,3,3324.21850451191,5.01673222759746,unrewarded
19_16,19,787.229374503614,5.14508620708352,unrewarded
35_13,35,1167.87981630509,5.15330154846993,unrewarded
35_13,35,1110.42512941647,5.17381448051469,unrewarded
18_16,18,250.689324486056,5.20433736867523,unrewarded
18_16,18,1833.99853734834,5.21479342056614,unrewarded
19_16,19,979.151038690962,5.31288489254723,unrewarded
1_16,1,2797.47789602614,5.31882550098817,unrewarded
35_13,35,734.383247662221,5.34365235633948,unrewarded
3_13,3,1051.72609143553,5.39024338501508,unrewarded
3_13,3,1909.39857395965,5.4145331143925,unrewarded
1_16,1,2823.24795919165,5.42094642666825,unrewarded
5_157,5,810.784003874452,5.4481577447383,unrewarded
5_157,5,1755.63157741412,5.50254212950836,unrewarded
35_13,35,373.181726266514,5.7846899525174,unrewarded
19_16,19,221.193299658444,5.80132745662786,unrewarded
35_13,35,1226.33347479449,6.04130935575995,unrewarded
5_157,5,111.738582457822,6.08846471323571,unrewarded
5_157,5,2803.06533145739,6.15126711581843,unrewarded
35_13,35,750.30478881314,6.32763744725366,unrewarded
19_16,19,374.996855239498,6.36995445554237,unrewarded
18_16,18,1465.80004386243,6.39566023195925,unrewarded
19_16,19,1101.29614032722,6.43372520618755,unrewarded
6_157,6,2922.29946133279,6.65200629022183,unrewarded
5_157,5,280.325233539443,6.7103478602927,unrewarded
35_13,35,316.327727856717,6.73006526865151,unrewarded
3_13,3,2053.89421647923,6.83047169443171,unrewarded
5_157,5,2499.8340104681,6.851165481316,unrewarded
35_13,35,1519.68565740603,6.89796047930781,unrewarded
1_16,1,2784.30406354708,7.09932637143356,unrewarded
5_157,5,1909.58402764672,7.13459525627854,unrewarded
19_16,19,172.735094117655,7.15651441212984,unrewarded
35_13,35,3001.57952396657,7.37408895831095,unrewarded
4_157,4,2190.86195693627,7.82560135588301,unrewarded
1_16,1,2196.90224606773,8.04817029367086,unrewarded
3_13,3,1684.2764099328,8.22591360725164,unrewarded
1_16,1,2967.12616742078,8.36223716233189,unrewarded
35_13,35,1975.37822840393,8.57256536289265,unrewarded
3_13,3,385.461273113139,8.63152092855387,unrewarded
1_16,1,2491.02434503597,9.14299077634996,unrewarded
35_13,35,2809.30175577072,9.2031308596188,unrewarded
5_157,5,2399.70151531432,9.2101442693106,unrewarded
5_157,5,355.966465098537,9.24650116825359,unrewarded
5_157,5,1568.95790104044,9.2587795029051,unrewarded
5_157,5,1716.82946329591,9.30077469102594,unrewarded
35_13,35,257.773311573677,9.30911366792344,unrewarded
35_13,35,291.993451757678,9.40494868937333,unrewarded
3_13,3,2237.50304620675,9.54503938376502,unrewarded
35_13,35,1594.57392628924,9.6424224272796,unrewarded
5_157,5,2063.98470284269,9.79575850145011,unrewarded
1_16,1,2755.13488278706,10.5895862742263,unrewarded
5_157,5,6.08584762891663,10.7204934498822,unrewarded
19_16,19,118.462676085263,10.9856789279773,unrewarded
3_13,3,2278.41477523083,11.0123793645453,unrewarded
1_16,1,2855.00333912046,11.9287333727962,unrewarded
5_157,5,2274.31045272403,13.3886058569637,unrewarded
5_157,5,1342.74498308185,13.4020396710575,unrewarded
4_157,4,1315.64152414614,13.8432250068372,unrewarded
3_13,3,352.851366757408,24.8743114850039,unrewarded
