window,left,right,n,mean_diff,median_diff,p,positive
pre_-1_0,active,unrewarded,9,0.21427270240721863,0.18712167835072135,0.02734375,8
pre_-1_0,passive,unrewarded,9,0.30247014829589003,0.3247724846258436,0.01953125,8
pre_-1_0,active,passive,9,-0.08819744588867137,-0.06381499374102523,0.02734375,2
post_0_2,active,unrewarded,9,0.28693361364515696,0.18684121143646462,0.0078125,8
post_0_2,passive,unrewarded,9,0.36437161323799483,0.28809796228148865,0.0078125,8
post_0_2,active,passive,9,-0.07743799959283781,-0.07453978775633592,0.49609375,3
phase_0_25,active,unrewarded,9,0.2790789972051686,0.16286536121327647,0.00390625,9
phase_0_25,passive,unrewarded,9,0.30324532687348954,0.2204875956556178,0.00390625,9
phase_0_25,active,passive,9,-0.02416632966832094,-0.022069099180319074,0.65234375,4
phase_whole,active,unrewarded,9,0.24468633824738165,0.21223550806540317,0.01953125,7
phase_whole,passive,unrewarded,9,0.2591664374181688,0.2707269138114156,0.0390625,7
phase_whole,active,passive,9,-0.014480099170787143,-0.0012649530305011147,0.8203125,4
