animal,SRI,candidate,n,rho_APE,rho_candidate,partial_APE_given_candidate,partial_candidate_given_APE
1,5.29717169886741,ck_err,15,0.5,-0.075,0.5838163443620449,-0.3550573481792768
1,5.29717169886741,q_ck_err,15,0.5,-0.075,0.5838163443620449,-0.3550573481792768
1,5.29717169886741,q_err,15,0.5,0.22142857142857136,0.4625086742268511,0.05723097262641255
4,4.55858302764202,ck_err,26,0.09059829059829058,0.321025641025641,0.05469919783967028,0.31359248670607703
4,4.55858302764202,q_ck_err,26,0.09059829059829058,0.321025641025641,0.05469919783967028,0.31359248670607703
4,4.55858302764202,q_err,26,0.09059829059829058,0.03111111111111111,0.09578343968400843,0.04406101682347992
5,1.5926879630228,ck_err,27,-0.1111111111111111,0.36507936507936506,-0.11624039459364617,0.36647823838885496
5,1.5926879630228,q_ck_err,27,-0.1111111111111111,0.35347985347985345,-0.11647448890966176,0.3550062968423947
5,1.5926879630228,q_err,27,-0.1111111111111111,0.07509157509157507,-0.12191963327094513,0.09041331014472861
6,1.63085410640255,ck_err,42,0.2793128595737785,0.3942144072603517,0.28350642348112154,0.39694723325796033
6,1.63085410640255,q_ck_err,42,0.2793128595737785,0.3937282229965157,0.28319874184959887,0.3962640532915451
6,1.63085410640255,q_err,42,0.2793128595737785,0.12973016773357102,0.26378618576740454,0.08853127267893716
18,4.78539119330556,ck_err,30,-0.2827586206896551,-0.3090100111234705,-0.19086743615106666,-0.2295647742038526
18,4.78539119330556,q_ck_err,30,-0.2827586206896551,-0.31790878754171303,-0.1887303409972433,-0.24031245610561344
18,4.78539119330556,q_err,30,-0.2827586206896551,-0.17775305895439378,-0.26319425940656044,-0.1426658406292783
19,0.99707976382721,ck_err,13,-0.6373626373626374,0.2087912087912088,-0.6250238857941405,-0.1360311323222366
19,0.99707976382721,q_ck_err,13,-0.6373626373626374,0.2087912087912088,-0.6250238857941405,-0.1360311323222366
19,0.99707976382721,q_err,13,-0.6373626373626374,-0.03296703296703297,-0.6475764080814519,0.15220316132882028
27,0.935475304654401,ck_err,30,-0.4064516129032258,0.01668520578420467,-0.4117189947140623,0.07375250063742386
27,0.935475304654401,q_ck_err,30,-0.4064516129032258,0.0033370411568409346,-0.4093986368870611,0.0537702622574008
27,0.935475304654401,q_err,30,-0.4064516129032258,-0.11590656284760845,-0.392727409426498,0.02173024506198556
35,3.95920356032672,ck_err,14,-0.006593406593406593,0.5208791208791209,-0.255801722280697,0.5647712830757323
35,3.95920356032672,q_ck_err,14,-0.006593406593406593,0.5164835164835165,-0.2664739585875655,0.5646167952921626
35,3.95920356032672,q_err,14,-0.006593406593406593,-0.1824175824175824,-0.04297389553417284,-0.18713504883260318
