animal,model,mse,spearman,n
4,base,0.9345410689427635,-0.021494870573922298,48
4,ActorPolicy,0.9404578683762249,0.013190034215815957,48
4,CK95,0.9797349575114933,0.1688650059481623,48
4,Qall,0.9670141056038148,-0.04141562183813817,48
4,Qall+CK95,1.03344402573324,0.22357922195450997,48
4,ActorPolicy+CK95,1.0120643255376092,0.20284427104734248,48
5,base,0.7087165494574961,-0.3898785425101215,39
5,ActorPolicy,0.6341522753686939,-0.19574898785425102,39
5,CK95,0.6423015881272975,-0.23603238866396764,39
5,Qall,0.6500333566851341,-0.23421052631578948,39
5,Qall+CK95,0.6457901983560949,-0.20728744939271254,39
5,ActorPolicy+CK95,0.6255258238025998,-0.18117408906882593,39
6,base,0.2745656115952915,0.7522505589529432,76
6,ActorPolicy,0.27039324619020594,0.7597011560275871,76
6,CK95,0.43794235858141334,0.41678229910948233,76
6,Qall,0.35516856788534007,0.6001079996066832,76
6,Qall+CK95,0.43036405523040355,0.4357163852533022,76
6,ActorPolicy+CK95,0.43210748963383483,0.4386282699815574,76
18,base,0.3157304304637727,0.4850964348334308,59
18,ActorPolicy,0.30827962355377764,0.509000584453536,59
18,CK95,0.30592897764454735,0.4864406779661018,59
18,Qall,0.3132761350911351,0.5267095265926359,59
18,Qall+CK95,0.31672948758108616,0.5348918760958504,59
18,ActorPolicy+CK95,0.3131655958456103,0.5310929281122152,59
27,base,0.5382723124723153,-0.22740676534110146,47
27,ActorPolicy,0.5382359938282625,-0.2311650769981499,47
27,CK95,0.56217868597244,-0.26256143437933943,47
27,Qall,0.5386498110460569,-0.2259034406782821,47
27,Qall+CK95,0.5662140675587191,-0.2524429029949781,47
27,ActorPolicy+CK95,0.5692676503317406,-0.2600751666677535,47
35,base,0.23816664500582113,-0.19949145342258615,22
35,ActorPolicy,0.21494499310261553,-0.06781579153175732,22
35,CK95,0.23062070685958497,-0.17858158436696095,22
35,Qall,0.21387251408223926,-0.1588019785035317,22
35,Qall+CK95,0.21346856292127575,-0.1418480306205924,22
35,ActorPolicy+CK95,0.21964248716426063,-0.14975987296596407,22
